feature_name,internal_standard,raw_data_filename,time_stamp,batch,sample_type,precursor_mz,product_mz,collision_energy,polarity,rt_apex,area,height,FWHM,rt_int_start,rt_int_end
11-deoxycorticosterone,11-deoxycorticosterone,Blank1_P1.mzML,2026-02-12T18:10:25Z,1,BLK,331.300,97.100,24.0,+,4.386,696.4,181.0,0.363,4.377,4.741
11-deoxycorticosterone,11-deoxycorticosterone,PBlank1_P1.mzML,2026-02-12T18:22:35Z,1,PBLK,331.300,97.100,24.0,+,4.749,681.4,242.6,0.363,4.397,4.761
11-deoxycorticosterone,11-deoxycorticosterone,Cal 0_P1.mzML,2026-02-12T18:37:45Z,1,CAL,331.300,97.100,24.0,+,4.432,2002.6,378.6,0.303,4.350,4.679
11-deoxycorticosterone,11-deoxycorticosterone,Cal A_P1.mzML,2026-02-12T18:51:16Z,1,CAL,331.300,97.100,24.0,+,4.608,18044.2,2944.1,0.106,4.456,4.772
11-deoxycorticosterone,11-deoxycorticosterone,Cal B_P1.mzML,2026-02-12T19:04:37Z,1,CAL,331.300,97.100,24.0,+,4.597,58215.4,8598.6,0.105,4.362,4.761
11-deoxycorticosterone,11-deoxycorticosterone,Cal C_P1.mzML,2026-02-12T19:17:58Z,1,CAL,331.300,97.100,24.0,+,4.608,152369.3,22559.8,0.109,4.374,4.761
11-deoxycorticosterone,11-deoxycorticosterone,Cal D_P1.mzML,2026-02-12T19:31:19Z,1,CAL,331.300,97.100,24.0,+,4.597,367190.5,51565.2,0.110,4.362,4.761
11-deoxycorticosterone,11-deoxycorticosterone,Cal E_P1.mzML,2026-02-12T19:44:43Z,1,CAL,331.300,97.100,24.0,+,4.608,898531.4,126879.3,0.109,4.362,4.772
11-deoxycorticosterone,11-deoxycorticosterone,Cal F_P1.mzML,2026-02-12T19:58:04Z,1,CAL,331.300,97.100,24.0,+,4.620,2552666.0,371010.1,0.107,4.409,4.772
11-deoxycorticosterone,11-deoxycorticosterone,Blank2_P1.mzML,2026-02-12T20:11:24Z,1,BLK,331.300,97.100,24.0,+,4.538,1155.3,256.6,0.363,4.377,4.741
11-deoxycorticosterone,11-deoxycorticosterone,QC_Low1_P1.mzML,2026-02-12T20:23:34Z,1,QC,331.300,97.100,24.0,+,4.597,91385.9,13893.5,0.101,4.386,4.761
11-deoxycorticosterone,11-deoxycorticosterone,QC_High1_P1.mzML,2026-02-12T20:36:55Z,1,QC,331.300,97.100,24.0,+,4.620,1912929.9,264809.6,0.114,4.362,4.772
11-deoxycorticosterone,11-deoxycorticosterone,Blank3_P1.mzML,2026-02-12T20:50:16Z,1,BLK,331.300,97.100,24.0,+,4.526,619.9,198.7,0.363,4.377,4.741
11-deoxycorticosterone,11-deoxycorticosterone,SKML2025_6B_P1.mzML,2026-02-12T21:15:47Z,1,SPL,331.300,97.100,24.0,+,4.597,2275206.0,345250.4,0.101,4.386,4.761
11-deoxycorticosterone,11-deoxycorticosterone,SKML2026_1A_P1.mzML,2026-02-12T21:29:07Z,1,SPL,331.300,97.100,24.0,+,4.608,8379.0,1578.2,0.100,4.479,4.761
11-deoxycorticosterone,11-deoxycorticosterone,SKML2026_1Bb_P1.mzML,2026-02-12T21:55:52Z,1,SPL,331.300,97.100,24.0,+,4.608,8739.7,1542.6,0.110,4.491,4.772
11-deoxycorticosterone,11-deoxycorticosterone,SKML2026_2A_P1.mzML,2026-02-12T22:09:13Z,1,SPL,331.300,97.100,24.0,+,4.608,2668839.8,434010.6,0.093,4.397,4.772
11-deoxycorticosterone,11-deoxycorticosterone,SKML2026_2Ab_P1.mzML,2026-02-12T22:22:34Z,1,SPL,331.300,97.100,24.0,+,4.597,2568757.0,396122.5,0.098,4.397,4.761
11-deoxycorticosterone,11-deoxycorticosterone,SKML2026_2B_P1.mzML,2026-02-12T22:35:55Z,1,SPL,331.300,97.100,24.0,+,4.608,11280.5,1991.7,0.115,4.479,4.714
11-deoxycorticosterone,11-deoxycorticosterone,SKML2026_2Bb_P1.mzML,2026-02-12T22:49:15Z,1,SPL,331.300,97.100,24.0,+,4.608,13242.3,2078.5,0.111,4.468,4.772
11-deoxycorticosterone 13C3,11-deoxycorticosterone 13C3,Blank1_P1.mzML,2026-02-12T18:10:25Z,1,BLK,334.200,100.100,24.0,+,4.385,674.2,101.3,0.528,4.368,4.896
11-deoxycorticosterone 13C3,11-deoxycorticosterone 13C3,PBlank1_P1.mzML,2026-02-12T18:22:35Z,1,PBLK,334.200,100.100,24.0,+,4.596,123962.3,18340.8,0.099,4.363,4.891
11-deoxycorticosterone 13C3,11-deoxycorticosterone 13C3,Cal 0_P1.mzML,2026-02-12T18:37:45Z,1,CAL,334.200,100.100,24.0,+,4.608,107829.7,16076.5,0.103,4.373,4.901
11-deoxycorticosterone 13C3,11-deoxycorticosterone 13C3,Cal A_P1.mzML,2026-02-12T18:51:16Z,1,CAL,334.200,100.100,24.0,+,4.608,101423.0,14636.5,0.104,4.420,4.901
11-deoxycorticosterone 13C3,11-deoxycorticosterone 13C3,Cal B_P1.mzML,2026-02-12T19:04:37Z,1,CAL,334.200,100.100,24.0,+,4.608,97995.1,14242.6,0.101,4.361,4.889
11-deoxycorticosterone 13C3,11-deoxycorticosterone 13C3,Cal C_P1.mzML,2026-02-12T19:17:58Z,1,CAL,334.200,100.100,24.0,+,4.596,111136.1,16123.2,0.107,4.361,4.819
11-deoxycorticosterone 13C3,11-deoxycorticosterone 13C3,Cal D_P1.mzML,2026-02-12T19:31:19Z,1,CAL,334.200,100.100,24.0,+,4.608,103368.1,14332.8,0.107,4.432,4.901
11-deoxycorticosterone 13C3,11-deoxycorticosterone 13C3,Cal E_P1.mzML,2026-02-12T19:44:43Z,1,CAL,334.200,100.100,24.0,+,4.608,107406.6,15589.0,0.104,4.373,4.889
11-deoxycorticosterone 13C3,11-deoxycorticosterone 13C3,Cal F_P1.mzML,2026-02-12T19:58:04Z,1,CAL,334.200,100.100,24.0,+,4.608,100173.2,13413.7,0.115,4.373,4.901
11-deoxycorticosterone 13C3,11-deoxycorticosterone 13C3,Blank2_P1.mzML,2026-02-12T20:11:24Z,1,BLK,334.200,100.100,24.0,+,4.866,517.8,116.1,0.528,4.403,4.931
11-deoxycorticosterone 13C3,11-deoxycorticosterone 13C3,QC_Low1_P1.mzML,2026-02-12T20:23:34Z,1,QC,334.200,100.100,24.0,+,4.608,90161.2,12128.6,0.112,4.361,4.901
11-deoxycorticosterone 13C3,11-deoxycorticosterone 13C3,QC_High1_P1.mzML,2026-02-12T20:36:55Z,1,QC,334.200,100.100,24.0,+,4.608,119901.4,17556.4,0.099,4.373,4.901
11-deoxycorticosterone 13C3,11-deoxycorticosterone 13C3,Blank3_P1.mzML,2026-02-12T20:50:16Z,1,BLK,334.200,100.100,24.0,+,4.619,744.9,105.9,0.528,4.403,4.931
11-deoxycorticosterone 13C3,11-deoxycorticosterone 13C3,SKML2025_6B_P1.mzML,2026-02-12T21:15:47Z,1,SPL,334.200,100.100,24.0,+,4.608,88032.4,13970.7,0.096,4.361,4.901
11-deoxycorticosterone 13C3,11-deoxycorticosterone 13C3,SKML2026_1A_P1.mzML,2026-02-12T21:29:07Z,1,SPL,334.200,100.100,24.0,+,4.608,75182.8,11769.0,0.097,4.373,4.901
11-deoxycorticosterone 13C3,11-deoxycorticosterone 13C3,SKML2026_1Bb_P1.mzML,2026-02-12T21:55:52Z,1,SPL,334.200,100.100,24.0,+,4.608,69940.2,10550.2,0.101,4.420,4.901
11-deoxycorticosterone 13C3,11-deoxycorticosterone 13C3,SKML2026_2A_P1.mzML,2026-02-12T22:09:13Z,1,SPL,334.200,100.100,24.0,+,4.608,77229.6,11643.4,0.102,4.373,4.901
11-deoxycorticosterone 13C3,11-deoxycorticosterone 13C3,SKML2026_2Ab_P1.mzML,2026-02-12T22:22:34Z,1,SPL,334.200,100.100,24.0,+,4.608,79141.0,12259.7,0.095,4.432,4.901
11-deoxycorticosterone 13C3,11-deoxycorticosterone 13C3,SKML2026_2B_P1.mzML,2026-02-12T22:35:55Z,1,SPL,334.200,100.100,24.0,+,4.608,75981.4,12230.9,0.094,4.361,4.901
11-deoxycorticosterone 13C3,11-deoxycorticosterone 13C3,SKML2026_2Bb_P1.mzML,2026-02-12T22:49:15Z,1,SPL,334.200,100.100,24.0,+,4.596,84542.7,13247.4,0.097,4.373,4.901
11-deoxycorticosterone 13C3 [QUAL],11-deoxycorticosterone 13C3 [QUAL],Blank1_P1.mzML,2026-02-12T18:10:25Z,1,BLK,334.200,112.100,36.0,+,4.479,396.5,82.8,0.516,4.348,4.869
11-deoxycorticosterone 13C3 [QUAL],11-deoxycorticosterone 13C3 [QUAL],PBlank1_P1.mzML,2026-02-12T18:22:35Z,1,PBLK,334.200,112.100,36.0,+,4.596,119425.0,17554.2,0.101,4.368,4.889
11-deoxycorticosterone 13C3 [QUAL],11-deoxycorticosterone 13C3 [QUAL],Cal 0_P1.mzML,2026-02-12T18:37:45Z,1,CAL,334.200,112.100,36.0,+,4.608,98645.4,14782.7,0.099,4.397,4.842
11-deoxycorticosterone 13C3 [QUAL],11-deoxycorticosterone 13C3 [QUAL],Cal A_P1.mzML,2026-02-12T18:51:16Z,1,CAL,334.200,112.100,36.0,+,4.608,108265.2,15610.3,0.106,4.361,4.901
11-deoxycorticosterone 13C3 [QUAL],11-deoxycorticosterone 13C3 [QUAL],Cal B_P1.mzML,2026-02-12T19:04:37Z,1,CAL,334.200,112.100,36.0,+,4.596,94379.2,13373.6,0.106,4.350,4.854
11-deoxycorticosterone 13C3 [QUAL],11-deoxycorticosterone 13C3 [QUAL],Cal C_P1.mzML,2026-02-12T19:17:58Z,1,CAL,334.200,112.100,36.0,+,4.596,97106.2,13416.0,0.108,4.420,4.889
11-deoxycorticosterone 13C3 [QUAL],11-deoxycorticosterone 13C3 [QUAL],Cal D_P1.mzML,2026-02-12T19:31:19Z,1,CAL,334.200,112.100,36.0,+,4.608,110294.6,16743.5,0.102,4.432,4.877
11-deoxycorticosterone 13C3 [QUAL],11-deoxycorticosterone 13C3 [QUAL],Cal E_P1.mzML,2026-02-12T19:44:43Z,1,CAL,334.200,112.100,36.0,+,4.608,98974.4,14338.3,0.100,4.361,4.901
11-deoxycorticosterone 13C3 [QUAL],11-deoxycorticosterone 13C3 [QUAL],Cal F_P1.mzML,2026-02-12T19:58:04Z,1,CAL,334.200,112.100,36.0,+,4.608,100169.7,14120.3,0.109,4.397,4.901
11-deoxycorticosterone 13C3 [QUAL],11-deoxycorticosterone 13C3 [QUAL],Blank2_P1.mzML,2026-02-12T20:11:24Z,1,BLK,334.200,112.100,36.0,+,4.807,368.8,89.9,0.516,4.408,4.929
11-deoxycorticosterone 13C3 [QUAL],11-deoxycorticosterone 13C3 [QUAL],QC_Low1_P1.mzML,2026-02-12T20:23:34Z,1,QC,334.200,112.100,36.0,+,4.608,95353.6,13524.8,0.107,4.420,4.889
11-deoxycorticosterone 13C3 [QUAL],11-deoxycorticosterone 13C3 [QUAL],QC_High1_P1.mzML,2026-02-12T20:36:55Z,1,QC,334.200,112.100,36.0,+,4.608,105386.7,15250.3,0.105,4.432,4.830
11-deoxycorticosterone 13C3 [QUAL],11-deoxycorticosterone 13C3 [QUAL],Blank3_P1.mzML,2026-02-12T20:50:16Z,1,BLK,334.200,112.100,36.0,+,4.655,435.8,85.8,0.516,4.408,4.929
11-deoxycorticosterone 13C3 [QUAL],11-deoxycorticosterone 13C3 [QUAL],SKML2025_6B_P1.mzML,2026-02-12T21:15:47Z,1,SPL,334.200,112.100,36.0,+,4.608,82507.3,12113.7,0.102,4.408,4.901
11-deoxycorticosterone 13C3 [QUAL],11-deoxycorticosterone 13C3 [QUAL],SKML2026_1A_P1.mzML,2026-02-12T21:29:07Z,1,SPL,334.200,112.100,36.0,+,4.608,73223.3,11463.5,0.094,4.373,4.901
11-deoxycorticosterone 13C3 [QUAL],11-deoxycorticosterone 13C3 [QUAL],SKML2026_1Bb_P1.mzML,2026-02-12T21:55:52Z,1,SPL,334.200,112.100,36.0,+,4.619,78299.1,11868.7,0.097,4.361,4.901
11-deoxycorticosterone 13C3 [QUAL],11-deoxycorticosterone 13C3 [QUAL],SKML2026_2A_P1.mzML,2026-02-12T22:09:13Z,1,SPL,334.200,112.100,36.0,+,4.608,69829.0,10846.6,0.095,4.373,4.901
11-deoxycorticosterone 13C3 [QUAL],11-deoxycorticosterone 13C3 [QUAL],SKML2026_2Ab_P1.mzML,2026-02-12T22:22:34Z,1,SPL,334.200,112.100,36.0,+,4.608,68071.8,10196.3,0.101,4.361,4.901
11-deoxycorticosterone 13C3 [QUAL],11-deoxycorticosterone 13C3 [QUAL],SKML2026_2B_P1.mzML,2026-02-12T22:35:55Z,1,SPL,334.200,112.100,36.0,+,4.596,71324.2,11300.9,0.096,4.361,4.901
11-deoxycorticosterone 13C3 [QUAL],11-deoxycorticosterone 13C3 [QUAL],SKML2026_2Bb_P1.mzML,2026-02-12T22:49:15Z,1,SPL,334.200,112.100,36.0,+,4.596,64305.3,9810.8,0.098,4.361,4.901
11-deoxycorticosterone [QUAL],11-deoxycorticosterone [QUAL],Blank1_P1.mzML,2026-02-12T18:10:25Z,1,BLK,331.300,109.100,36.0,+,4.491,534.6,191.4,0.328,4.424,4.754
11-deoxycorticosterone [QUAL],11-deoxycorticosterone [QUAL],PBlank1_P1.mzML,2026-02-12T18:22:35Z,1,PBLK,331.300,109.100,36.0,+,4.608,898.7,204.5,0.328,4.429,4.759
11-deoxycorticosterone [QUAL],11-deoxycorticosterone [QUAL],Cal 0_P1.mzML,2026-02-12T18:37:45Z,1,CAL,331.300,109.100,36.0,+,4.643,598.1,238.3,0.270,4.479,4.749
11-deoxycorticosterone [QUAL],11-deoxycorticosterone [QUAL],Cal A_P1.mzML,2026-02-12T18:51:16Z,1,CAL,331.300,109.100,36.0,+,4.608,15664.8,2296.8,0.124,4.374,4.749
11-deoxycorticosterone [QUAL],11-deoxycorticosterone [QUAL],Cal B_P1.mzML,2026-02-12T19:04:37Z,1,CAL,331.300,109.100,36.0,+,4.596,43542.6,6475.4,0.109,4.432,4.749
11-deoxycorticosterone [QUAL],11-deoxycorticosterone [QUAL],Cal C_P1.mzML,2026-02-12T19:17:58Z,1,CAL,331.300,109.100,36.0,+,4.608,114686.3,16753.6,0.108,4.432,4.749
11-deoxycorticosterone [QUAL],11-deoxycorticosterone [QUAL],Cal D_P1.mzML,2026-02-12T19:31:19Z,1,CAL,331.300,109.100,36.0,+,4.608,289169.9,41778.5,0.112,4.350,4.749
11-deoxycorticosterone [QUAL],11-deoxycorticosterone [QUAL],Cal E_P1.mzML,2026-02-12T19:44:43Z,1,CAL,331.300,109.100,36.0,+,4.608,812746.9,116952.0,0.105,4.362,4.749
11-deoxycorticosterone [QUAL],11-deoxycorticosterone [QUAL],Cal F_P1.mzML,2026-02-12T19:58:04Z,1,CAL,331.300,109.100,36.0,+,4.608,2244125.2,333248.2,0.107,4.350,4.749
11-deoxycorticosterone [QUAL],11-deoxycorticosterone [QUAL],Blank2_P1.mzML,2026-02-12T20:11:24Z,1,BLK,331.300,109.100,36.0,+,4.526,701.1,220.3,0.328,4.389,4.719
11-deoxycorticosterone [QUAL],11-deoxycorticosterone [QUAL],QC_Low1_P1.mzML,2026-02-12T20:23:34Z,1,QC,331.300,109.100,36.0,+,4.608,81095.6,12435.1,0.100,4.409,4.749
11-deoxycorticosterone [QUAL],11-deoxycorticosterone [QUAL],QC_High1_P1.mzML,2026-02-12T20:36:55Z,1,QC,331.300,109.100,36.0,+,4.608,1502828.5,209207.7,0.112,4.350,4.749
11-deoxycorticosterone [QUAL],11-deoxycorticosterone [QUAL],Blank3_P1.mzML,2026-02-12T20:50:16Z,1,BLK,331.300,109.100,36.0,+,4.714,645.8,209.6,0.328,4.419,4.749
11-deoxycorticosterone [QUAL],11-deoxycorticosterone [QUAL],SKML2025_6B_P1.mzML,2026-02-12T21:15:47Z,1,SPL,331.300,109.100,36.0,+,4.608,2316339.8,370588.5,0.095,4.374,4.749
11-deoxycorticosterone [QUAL],11-deoxycorticosterone [QUAL],SKML2026_1A_P1.mzML,2026-02-12T21:29:07Z,1,SPL,331.300,109.100,36.0,+,4.608,6274.6,1207.0,0.117,4.479,4.749
11-deoxycorticosterone [QUAL],11-deoxycorticosterone [QUAL],SKML2026_1Bb_P1.mzML,2026-02-12T21:55:52Z,1,SPL,331.300,109.100,36.0,+,4.608,8135.2,1597.0,0.107,4.456,4.749
11-deoxycorticosterone [QUAL],11-deoxycorticosterone [QUAL],SKML2026_2A_P1.mzML,2026-02-12T22:09:13Z,1,SPL,331.300,109.100,36.0,+,4.608,2209411.5,357128.1,0.095,4.397,4.749
11-deoxycorticosterone [QUAL],11-deoxycorticosterone [QUAL],SKML2026_2Ab_P1.mzML,2026-02-12T22:22:34Z,1,SPL,331.300,109.100,36.0,+,4.608,2635285.5,436347.1,0.094,4.385,4.749
11-deoxycorticosterone [QUAL],11-deoxycorticosterone [QUAL],SKML2026_2B_P1.mzML,2026-02-12T22:35:55Z,1,SPL,331.300,109.100,36.0,+,4.596,11126.4,1873.6,0.102,4.467,4.749
11-deoxycorticosterone [QUAL],11-deoxycorticosterone [QUAL],SKML2026_2Bb_P1.mzML,2026-02-12T22:49:15Z,1,SPL,331.300,109.100,36.0,+,4.608,11081.2,1829.2,0.109,4.432,4.749
11-deoxycortisol,11-deoxycortisol,Blank1_P1.mzML,2026-02-12T18:10:25Z,1,BLK,347.300,97.100,32.0,+,3.716,333.4,148.6,0.305,3.721,4.024
11-deoxycortisol,11-deoxycortisol,PBlank1_P1.mzML,2026-02-12T18:22:35Z,1,PBLK,347.300,97.100,32.0,+,3.868,488.0,149.8,0.305,3.721,4.024
11-deoxycortisol,11-deoxycortisol,Cal 0_P1.mzML,2026-02-12T18:37:45Z,1,CAL,347.300,97.100,32.0,+,3.763,962.2,207.8,0.246,3.681,3.927
11-deoxycortisol,11-deoxycortisol,Cal A_P1.mzML,2026-02-12T18:51:16Z,1,CAL,347.300,97.100,32.0,+,3.821,23832.8,3675.7,0.109,3.739,4.021
11-deoxycortisol,11-deoxycortisol,Cal B_P1.mzML,2026-02-12T19:04:37Z,1,CAL,347.300,97.100,32.0,+,3.810,57831.9,8715.1,0.105,3.739,4.032
11-deoxycortisol,11-deoxycortisol,Cal C_P1.mzML,2026-02-12T19:17:58Z,1,CAL,347.300,97.100,32.0,+,3.810,141804.9,20751.6,0.116,3.751,4.068
11-deoxycortisol,11-deoxycortisol,Cal D_P1.mzML,2026-02-12T19:31:19Z,1,CAL,347.300,97.100,32.0,+,3.821,392144.6,57449.8,0.116,3.751,4.079
11-deoxycortisol,11-deoxycortisol,Cal E_P1.mzML,2026-02-12T19:44:43Z,1,CAL,347.300,97.100,32.0,+,3.821,1193240.8,168231.0,0.121,3.739,4.079
11-deoxycortisol,11-deoxycortisol,Cal F_P1.mzML,2026-02-12T19:58:04Z,1,CAL,347.300,97.100,32.0,+,3.821,2771931.5,424358.6,0.098,3.751,4.079
11-deoxycortisol,11-deoxycortisol,Blank2_P1.mzML,2026-02-12T20:11:24Z,1,BLK,347.300,97.100,32.0,+,3.798,671.4,145.1,0.293,3.781,4.084
11-deoxycortisol,11-deoxycortisol,QC_Low1_P1.mzML,2026-02-12T20:23:34Z,1,QC,347.300,97.100,32.0,+,3.821,105129.8,15626.0,0.100,3.739,4.044
11-deoxycortisol,11-deoxycortisol,QC_High1_P1.mzML,2026-02-12T20:36:55Z,1,QC,347.300,97.100,32.0,+,3.833,1942178.4,281887.6,0.110,3.751,4.068
11-deoxycortisol,11-deoxycortisol,Blank3_P1.mzML,2026-02-12T20:50:16Z,1,BLK,347.300,97.100,32.0,+,4.009,679.9,135.2,0.293,3.781,4.084
11-deoxycortisol,11-deoxycortisol,SKML2025_6B_P1.mzML,2026-02-12T21:15:47Z,1,SPL,347.300,97.100,32.0,+,3.810,2056132.8,315734.4,0.099,3.716,4.091
11-deoxycortisol,11-deoxycortisol,SKML2026_1A_P1.mzML,2026-02-12T21:29:07Z,1,SPL,347.300,97.100,32.0,+,3.821,37140.6,6083.2,0.108,3.763,4.044
11-deoxycortisol,11-deoxycortisol,SKML2026_1Bb_P1.mzML,2026-02-12T21:55:52Z,1,SPL,347.300,97.100,32.0,+,3.821,39017.4,6180.6,0.110,3.763,3.997
11-deoxycortisol,11-deoxycortisol,SKML2026_2A_P1.mzML,2026-02-12T22:09:13Z,1,SPL,347.300,97.100,32.0,+,3.821,16575917.0,2543530.0,0.099,3.728,4.103
11-deoxycortisol,11-deoxycortisol,SKML2026_2Ab_P1.mzML,2026-02-12T22:22:34Z,1,SPL,347.300,97.100,32.0,+,3.810,18116748.0,2840688.0,0.097,3.728,4.103
11-deoxycortisol,11-deoxycortisol,SKML2026_2B_P1.mzML,2026-02-12T22:35:55Z,1,SPL,347.300,97.100,32.0,+,3.821,45557.5,7809.1,0.096,3.775,4.032
11-deoxycortisol,11-deoxycortisol,SKML2026_2Bb_P1.mzML,2026-02-12T22:49:15Z,1,SPL,347.300,97.100,32.0,+,3.810,49446.0,7485.7,0.114,3.751,4.021
11-deoxycortisol D5,11-deoxycortisol D5,Blank1_P1.mzML,2026-02-12T18:10:25Z,1,BLK,352.200,100.100,32.0,+,3.832,508.7,83.9,0.492,3.563,4.053
11-deoxycortisol D5,11-deoxycortisol D5,PBlank1_P1.mzML,2026-02-12T18:22:35Z,1,PBLK,352.200,100.100,32.0,+,3.785,86722.5,13644.8,0.094,3.553,4.043
11-deoxycortisol D5,11-deoxycortisol D5,Cal 0_P1.mzML,2026-02-12T18:37:45Z,1,CAL,352.200,100.100,32.0,+,3.785,73944.0,11428.8,0.095,3.551,4.043
11-deoxycortisol D5,11-deoxycortisol D5,Cal A_P1.mzML,2026-02-12T18:51:16Z,1,CAL,352.200,100.100,32.0,+,3.797,67614.1,10348.7,0.102,3.586,4.055
11-deoxycortisol D5,11-deoxycortisol D5,Cal B_P1.mzML,2026-02-12T19:04:37Z,1,CAL,352.200,100.100,32.0,+,3.785,63703.4,9595.9,0.101,3.551,4.043
11-deoxycortisol D5,11-deoxycortisol D5,Cal C_P1.mzML,2026-02-12T19:17:58Z,1,CAL,352.200,100.100,32.0,+,3.785,70332.2,10850.0,0.098,3.563,4.043
11-deoxycortisol D5,11-deoxycortisol D5,Cal D_P1.mzML,2026-02-12T19:31:19Z,1,CAL,352.200,100.100,32.0,+,3.785,70511.8,10718.7,0.102,3.609,4.043
11-deoxycortisol D5,11-deoxycortisol D5,Cal E_P1.mzML,2026-02-12T19:44:43Z,1,CAL,352.200,100.100,32.0,+,3.797,75970.5,11760.2,0.099,3.574,4.055
11-deoxycortisol D5,11-deoxycortisol D5,Cal F_P1.mzML,2026-02-12T19:58:04Z,1,CAL,352.200,100.100,32.0,+,3.797,60963.1,9709.0,0.095,3.598,4.055
11-deoxycortisol D5,11-deoxycortisol D5,Blank2_P1.mzML,2026-02-12T20:11:24Z,1,BLK,352.200,100.100,32.0,+,3.762,250.3,68.3,0.492,3.533,4.023
11-deoxycortisol D5,11-deoxycortisol D5,QC_Low1_P1.mzML,2026-02-12T20:23:34Z,1,QC,352.200,100.100,32.0,+,3.797,67431.1,10461.8,0.095,3.574,4.043
11-deoxycortisol D5,11-deoxycortisol D5,QC_High1_P1.mzML,2026-02-12T20:36:55Z,1,QC,352.200,100.100,32.0,+,3.785,71547.3,11113.2,0.096,3.551,4.043
11-deoxycortisol D5,11-deoxycortisol D5,Blank3_P1.mzML,2026-02-12T20:50:16Z,1,BLK,352.200,100.100,32.0,+,4.032,210.9,64.1,0.492,3.543,4.033
11-deoxycortisol D5,11-deoxycortisol D5,SKML2025_6B_P1.mzML,2026-02-12T21:15:47Z,1,SPL,352.200,100.100,32.0,+,3.785,52565.5,8290.4,0.095,3.551,4.043
11-deoxycortisol D5,11-deoxycortisol D5,SKML2026_1A_P1.mzML,2026-02-12T21:29:07Z,1,SPL,352.200,100.100,32.0,+,3.797,56972.5,9439.8,0.089,3.563,4.055
11-deoxycortisol D5,11-deoxycortisol D5,SKML2026_1Bb_P1.mzML,2026-02-12T21:55:52Z,1,SPL,352.200,100.100,32.0,+,3.797,54200.1,8783.8,0.092,3.563,4.055
11-deoxycortisol D5,11-deoxycortisol D5,SKML2026_2A_P1.mzML,2026-02-12T22:09:13Z,1,SPL,352.200,100.100,32.0,+,3.785,49087.6,7490.4,0.095,3.586,4.043
11-deoxycortisol D5,11-deoxycortisol D5,SKML2026_2Ab_P1.mzML,2026-02-12T22:22:34Z,1,SPL,352.200,100.100,32.0,+,3.785,55582.5,9093.3,0.093,3.551,4.043
11-deoxycortisol D5,11-deoxycortisol D5,SKML2026_2B_P1.mzML,2026-02-12T22:35:55Z,1,SPL,352.200,100.100,32.0,+,3.797,50335.1,8184.3,0.091,3.563,4.055
11-deoxycortisol D5,11-deoxycortisol D5,SKML2026_2Bb_P1.mzML,2026-02-12T22:49:15Z,1,SPL,352.200,100.100,32.0,+,3.785,54716.1,8961.1,0.090,3.586,4.043
11-deoxycortisol D5 [QUAL],11-deoxycortisol D5 [QUAL],Blank1_P1.mzML,2026-02-12T18:10:25Z,1,BLK,352.200,113.100,32.0,+,3.961,456.2,87.0,0.446,3.566,4.012
11-deoxycortisol D5 [QUAL],11-deoxycortisol D5 [QUAL],PBlank1_P1.mzML,2026-02-12T18:22:35Z,1,PBLK,352.200,113.100,32.0,+,3.785,69761.7,11081.3,0.099,3.586,4.032
11-deoxycortisol D5 [QUAL],11-deoxycortisol D5 [QUAL],Cal 0_P1.mzML,2026-02-12T18:37:45Z,1,CAL,352.200,113.100,32.0,+,3.797,63208.1,10065.5,0.095,3.563,4.008
11-deoxycortisol D5 [QUAL],11-deoxycortisol D5 [QUAL],Cal A_P1.mzML,2026-02-12T18:51:16Z,1,CAL,352.200,113.100,32.0,+,3.797,57272.5,8878.1,0.101,3.586,4.043
11-deoxycortisol D5 [QUAL],11-deoxycortisol D5 [QUAL],Cal B_P1.mzML,2026-02-12T19:04:37Z,1,CAL,352.200,113.100,32.0,+,3.785,53062.1,8518.6,0.093,3.574,3.985
11-deoxycortisol D5 [QUAL],11-deoxycortisol D5 [QUAL],Cal C_P1.mzML,2026-02-12T19:17:58Z,1,CAL,352.200,113.100,32.0,+,3.785,58155.1,9349.6,0.093,3.586,4.032
11-deoxycortisol D5 [QUAL],11-deoxycortisol D5 [QUAL],Cal D_P1.mzML,2026-02-12T19:31:19Z,1,CAL,352.200,113.100,32.0,+,3.797,55101.2,8714.7,0.100,3.586,3.996
11-deoxycortisol D5 [QUAL],11-deoxycortisol D5 [QUAL],Cal E_P1.mzML,2026-02-12T19:44:43Z,1,CAL,352.200,113.100,32.0,+,3.797,49840.0,7417.8,0.103,3.586,4.008
11-deoxycortisol D5 [QUAL],11-deoxycortisol D5 [QUAL],Cal F_P1.mzML,2026-02-12T19:58:04Z,1,CAL,352.200,113.100,32.0,+,3.797,53843.6,8767.8,0.096,3.574,4.008
11-deoxycortisol D5 [QUAL],11-deoxycortisol D5 [QUAL],Blank2_P1.mzML,2026-02-12T20:11:24Z,1,BLK,352.200,113.100,32.0,+,3.914,390.0,76.4,0.446,3.626,4.072
11-deoxycortisol D5 [QUAL],11-deoxycortisol D5 [QUAL],QC_Low1_P1.mzML,2026-02-12T20:23:34Z,1,QC,352.200,113.100,32.0,+,3.797,53609.5,8368.8,0.099,3.609,4.043
11-deoxycortisol D5 [QUAL],11-deoxycortisol D5 [QUAL],QC_High1_P1.mzML,2026-02-12T20:36:55Z,1,QC,352.200,113.100,32.0,+,3.797,61929.5,9848.8,0.099,3.574,4.043
11-deoxycortisol D5 [QUAL],11-deoxycortisol D5 [QUAL],Blank3_P1.mzML,2026-02-12T20:50:16Z,1,BLK,352.200,113.100,32.0,+,3.832,347.5,84.8,0.446,3.616,4.062
11-deoxycortisol D5 [QUAL],11-deoxycortisol D5 [QUAL],SKML2025_6B_P1.mzML,2026-02-12T21:15:47Z,1,SPL,352.200,113.100,32.0,+,3.785,52081.3,8755.1,0.087,3.621,4.032
11-deoxycortisol D5 [QUAL],11-deoxycortisol D5 [QUAL],SKML2026_1A_P1.mzML,2026-02-12T21:29:07Z,1,SPL,352.200,113.100,32.0,+,3.797,46828.9,8001.6,0.087,3.563,4.043
11-deoxycortisol D5 [QUAL],11-deoxycortisol D5 [QUAL],SKML2026_1Bb_P1.mzML,2026-02-12T21:55:52Z,1,SPL,352.200,113.100,32.0,+,3.797,43647.2,6990.1,0.095,3.598,4.043
11-deoxycortisol D5 [QUAL],11-deoxycortisol D5 [QUAL],SKML2026_2A_P1.mzML,2026-02-12T22:09:13Z,1,SPL,352.200,113.100,32.0,+,3.785,41578.0,6835.7,0.089,3.574,4.032
11-deoxycortisol D5 [QUAL],11-deoxycortisol D5 [QUAL],SKML2026_2Ab_P1.mzML,2026-02-12T22:22:34Z,1,SPL,352.200,113.100,32.0,+,3.785,36301.6,5846.0,0.095,3.609,4.032
11-deoxycortisol D5 [QUAL],11-deoxycortisol D5 [QUAL],SKML2026_2B_P1.mzML,2026-02-12T22:35:55Z,1,SPL,352.200,113.100,32.0,+,3.797,43464.1,7637.5,0.086,3.563,4.043
11-deoxycortisol D5 [QUAL],11-deoxycortisol D5 [QUAL],SKML2026_2Bb_P1.mzML,2026-02-12T22:49:15Z,1,SPL,352.200,113.100,32.0,+,3.797,39508.8,6618.7,0.092,3.598,4.020
11-deoxycortisol [QUAL],11-deoxycortisol [QUAL],Blank1_P1.mzML,2026-02-12T18:10:25Z,1,BLK,347.300,109.100,32.0,+,4.032,859.8,174.6,0.293,3.779,4.073
11-deoxycortisol [QUAL],11-deoxycortisol [QUAL],PBlank1_P1.mzML,2026-02-12T18:22:35Z,1,PBLK,347.300,109.100,32.0,+,4.044,319.2,154.3,0.293,3.749,4.043
11-deoxycortisol [QUAL],11-deoxycortisol [QUAL],Cal 0_P1.mzML,2026-02-12T18:37:45Z,1,CAL,347.300,109.100,32.0,+,3.857,617.9,182.2,0.281,3.739,4.021
11-deoxycortisol [QUAL],11-deoxycortisol [QUAL],Cal A_P1.mzML,2026-02-12T18:51:16Z,1,CAL,347.300,109.100,32.0,+,3.810,20524.9,2983.1,0.114,3.739,4.032
11-deoxycortisol [QUAL],11-deoxycortisol [QUAL],Cal B_P1.mzML,2026-02-12T19:04:37Z,1,CAL,347.300,109.100,32.0,+,3.821,51130.0,8085.7,0.100,3.739,3.997
11-deoxycortisol [QUAL],11-deoxycortisol [QUAL],Cal C_P1.mzML,2026-02-12T19:17:58Z,1,CAL,347.300,109.100,32.0,+,3.821,151287.4,22398.6,0.106,3.739,4.032
11-deoxycortisol [QUAL],11-deoxycortisol [QUAL],Cal D_P1.mzML,2026-02-12T19:31:19Z,1,CAL,347.300,109.100,32.0,+,3.821,381971.2,56639.6,0.108,3.739,4.056
11-deoxycortisol [QUAL],11-deoxycortisol [QUAL],Cal E_P1.mzML,2026-02-12T19:44:43Z,1,CAL,347.300,109.100,32.0,+,3.821,992628.9,134985.0,0.118,3.739,4.068
11-deoxycortisol [QUAL],11-deoxycortisol [QUAL],Cal F_P1.mzML,2026-02-12T19:58:04Z,1,CAL,347.300,109.100,32.0,+,3.821,2792455.8,402667.1,0.098,3.728,4.068
11-deoxycortisol [QUAL],11-deoxycortisol [QUAL],Blank2_P1.mzML,2026-02-12T20:11:24Z,1,BLK,347.300,109.100,32.0,+,3.915,693.6,147.2,0.293,3.779,4.073
11-deoxycortisol [QUAL],11-deoxycortisol [QUAL],QC_Low1_P1.mzML,2026-02-12T20:23:34Z,1,QC,347.300,109.100,32.0,+,3.821,100903.4,13898.8,0.119,3.739,4.044
11-deoxycortisol [QUAL],11-deoxycortisol [QUAL],QC_High1_P1.mzML,2026-02-12T20:36:55Z,1,QC,347.300,109.100,32.0,+,3.821,1930962.6,284581.4,0.104,3.739,4.068
11-deoxycortisol [QUAL],11-deoxycortisol [QUAL],Blank3_P1.mzML,2026-02-12T20:50:16Z,1,BLK,347.300,109.100,32.0,+,3.821,660.7,146.6,0.293,3.759,4.053
11-deoxycortisol [QUAL],11-deoxycortisol [QUAL],SKML2025_6B_P1.mzML,2026-02-12T21:15:47Z,1,SPL,347.300,109.100,32.0,+,3.821,2321030.5,391466.3,0.089,3.704,4.068
11-deoxycortisol [QUAL],11-deoxycortisol [QUAL],SKML2026_1A_P1.mzML,2026-02-12T21:29:07Z,1,SPL,347.300,109.100,32.0,+,3.821,39445.2,6305.6,0.105,3.751,4.032
11-deoxycortisol [QUAL],11-deoxycortisol [QUAL],SKML2026_1Bb_P1.mzML,2026-02-12T21:55:52Z,1,SPL,347.300,109.100,32.0,+,3.821,38322.2,5954.9,0.122,3.751,4.021
11-deoxycortisol [QUAL],11-deoxycortisol [QUAL],SKML2026_2A_P1.mzML,2026-02-12T22:09:13Z,1,SPL,347.300,109.100,32.0,+,3.821,16665516.0,2580470.0,0.094,3.716,4.079
11-deoxycortisol [QUAL],11-deoxycortisol [QUAL],SKML2026_2Ab_P1.mzML,2026-02-12T22:22:34Z,1,SPL,347.300,109.100,32.0,+,3.821,16022884.0,2482104.2,0.098,3.716,4.079
11-deoxycortisol [QUAL],11-deoxycortisol [QUAL],SKML2026_2B_P1.mzML,2026-02-12T22:35:55Z,1,SPL,347.300,109.100,32.0,+,3.821,41889.9,6913.4,0.113,3.751,3.962
11-deoxycortisol [QUAL],11-deoxycortisol [QUAL],SKML2026_2Bb_P1.mzML,2026-02-12T22:49:15Z,1,SPL,347.300,109.100,32.0,+,3.821,45005.3,7280.3,0.105,3.751,3.997
17-hydroxyprogesterone,17-hydroxyprogesterone,Blank1_P1.mzML,2026-02-12T18:10:25Z,1,BLK,331.300,109.100,36.0,+,5.464,748.0,214.3,0.422,5.052,5.479
17-hydroxyprogesterone,17-hydroxyprogesterone,PBlank1_P1.mzML,2026-02-12T18:22:35Z,1,PBLK,331.300,109.100,36.0,+,5.429,1350.5,257.3,0.422,5.027,5.454
17-hydroxyprogesterone,17-hydroxyprogesterone,Cal 0_P1.mzML,2026-02-12T18:37:45Z,1,CAL,331.300,109.100,36.0,+,5.241,1928.0,332.3,0.403,5.112,5.522
17-hydroxyprogesterone,17-hydroxyprogesterone,Cal A_P1.mzML,2026-02-12T18:51:16Z,1,CAL,331.300,109.100,36.0,+,5.253,20823.2,2702.2,0.127,5.042,5.440
17-hydroxyprogesterone,17-hydroxyprogesterone,Cal B_P1.mzML,2026-02-12T19:04:37Z,1,CAL,331.300,109.100,36.0,+,5.241,50633.8,7214.2,0.112,5.065,5.476
17-hydroxyprogesterone,17-hydroxyprogesterone,Cal C_P1.mzML,2026-02-12T19:17:58Z,1,CAL,331.300,109.100,36.0,+,5.241,133267.6,17667.2,0.118,4.995,5.476
17-hydroxyprogesterone,17-hydroxyprogesterone,Cal D_P1.mzML,2026-02-12T19:31:19Z,1,CAL,331.300,109.100,36.0,+,5.241,354515.4,46222.8,0.119,5.030,5.487
17-hydroxyprogesterone,17-hydroxyprogesterone,Cal E_P1.mzML,2026-02-12T19:44:43Z,1,CAL,331.300,109.100,36.0,+,5.241,891541.8,109541.9,0.131,5.042,5.487
17-hydroxyprogesterone,17-hydroxyprogesterone,Cal F_P1.mzML,2026-02-12T19:58:04Z,1,CAL,331.300,109.100,36.0,+,5.241,2402463.0,307458.4,0.125,5.042,5.487
17-hydroxyprogesterone,17-hydroxyprogesterone,Blank2_P1.mzML,2026-02-12T20:11:24Z,1,BLK,331.300,109.100,36.0,+,5.358,1511.9,209.9,0.422,5.007,5.434
17-hydroxyprogesterone,17-hydroxyprogesterone,QC_Low1_P1.mzML,2026-02-12T20:23:34Z,1,QC,331.300,109.100,36.0,+,5.253,86059.4,10768.9,0.134,5.054,5.429
17-hydroxyprogesterone,17-hydroxyprogesterone,QC_High1_P1.mzML,2026-02-12T20:36:55Z,1,QC,331.300,109.100,36.0,+,5.253,1827111.9,255537.3,0.113,5.030,5.487
17-hydroxyprogesterone,17-hydroxyprogesterone,Blank3_P1.mzML,2026-02-12T20:50:16Z,1,BLK,331.300,109.100,36.0,+,5.089,1019.9,230.2,0.422,5.007,5.434
17-hydroxyprogesterone,17-hydroxyprogesterone,SKML2025_6B_P1.mzML,2026-02-12T21:15:47Z,1,SPL,331.300,109.100,36.0,+,5.229,76445.6,9083.5,0.174,4.995,5.476
17-hydroxyprogesterone,17-hydroxyprogesterone,SKML2026_1A_P1.mzML,2026-02-12T21:29:07Z,1,SPL,331.300,109.100,36.0,+,5.229,43774.4,6354.4,0.112,5.007,5.358
17-hydroxyprogesterone,17-hydroxyprogesterone,SKML2026_1Bb_P1.mzML,2026-02-12T21:55:52Z,1,SPL,331.300,109.100,36.0,+,5.241,156924.3,22807.7,0.098,5.007,5.464
17-hydroxyprogesterone,17-hydroxyprogesterone,SKML2026_2A_P1.mzML,2026-02-12T22:09:13Z,1,SPL,331.300,109.100,36.0,+,5.241,107065.8,17927.0,0.131,5.007,5.440
17-hydroxyprogesterone,17-hydroxyprogesterone,SKML2026_2Ab_P1.mzML,2026-02-12T22:22:34Z,1,SPL,331.300,109.100,36.0,+,5.241,127355.3,19773.8,0.116,5.007,5.429
17-hydroxyprogesterone,17-hydroxyprogesterone,SKML2026_2B_P1.mzML,2026-02-12T22:35:55Z,1,SPL,331.300,109.100,36.0,+,5.229,481400.7,68038.8,0.102,4.995,5.476
17-hydroxyprogesterone,17-hydroxyprogesterone,SKML2026_2Bb_P1.mzML,2026-02-12T22:49:15Z,1,SPL,331.300,109.100,36.0,+,5.241,401970.8,55278.1,0.107,4.995,5.452
17-hydroxyprogesterone D8,17-hydroxyprogesterone D8,Blank1_P1.mzML,2026-02-12T18:10:25Z,1,BLK,339.300,100.000,36.0,+,5.229,160.6,64.7,0.469,4.954,5.433
17-hydroxyprogesterone D8,17-hydroxyprogesterone D8,PBlank1_P1.mzML,2026-02-12T18:22:35Z,1,PBLK,339.300,100.000,36.0,+,5.170,80123.8,10209.6,0.120,4.949,5.428
17-hydroxyprogesterone D8,17-hydroxyprogesterone D8,Cal 0_P1.mzML,2026-02-12T18:37:45Z,1,CAL,339.300,100.000,36.0,+,5.194,79568.9,10899.6,0.109,4.959,5.440
17-hydroxyprogesterone D8,17-hydroxyprogesterone D8,Cal A_P1.mzML,2026-02-12T18:51:16Z,1,CAL,339.300,100.000,36.0,+,5.182,63514.5,8129.5,0.123,4.971,5.428
17-hydroxyprogesterone D8,17-hydroxyprogesterone D8,Cal B_P1.mzML,2026-02-12T19:04:37Z,1,CAL,339.300,100.000,36.0,+,5.182,61895.5,7691.6,0.124,4.959,5.428
17-hydroxyprogesterone D8,17-hydroxyprogesterone D8,Cal C_P1.mzML,2026-02-12T19:17:58Z,1,CAL,339.300,100.000,36.0,+,5.170,62790.8,8296.9,0.121,4.948,5.428
17-hydroxyprogesterone D8,17-hydroxyprogesterone D8,Cal D_P1.mzML,2026-02-12T19:31:19Z,1,CAL,339.300,100.000,36.0,+,5.194,67047.6,8869.8,0.110,4.959,5.440
17-hydroxyprogesterone D8,17-hydroxyprogesterone D8,Cal E_P1.mzML,2026-02-12T19:44:43Z,1,CAL,339.300,100.000,36.0,+,5.194,60449.6,7876.1,0.116,4.959,5.440
17-hydroxyprogesterone D8,17-hydroxyprogesterone D8,Cal F_P1.mzML,2026-02-12T19:58:04Z,1,CAL,339.300,100.000,36.0,+,5.194,60724.6,7859.4,0.116,4.959,5.405
17-hydroxyprogesterone D8,17-hydroxyprogesterone D8,Blank2_P1.mzML,2026-02-12T20:11:24Z,1,BLK,339.300,100.000,36.0,+,5.205,220.0,65.3,0.481,4.929,5.408
17-hydroxyprogesterone D8,17-hydroxyprogesterone D8,QC_Low1_P1.mzML,2026-02-12T20:23:34Z,1,QC,339.300,100.000,36.0,+,5.182,57176.7,7177.4,0.120,4.959,5.440
17-hydroxyprogesterone D8,17-hydroxyprogesterone D8,QC_High1_P1.mzML,2026-02-12T20:36:55Z,1,QC,339.300,100.000,36.0,+,5.182,67174.6,8429.9,0.122,4.959,5.417
17-hydroxyprogesterone D8,17-hydroxyprogesterone D8,Blank3_P1.mzML,2026-02-12T20:50:16Z,1,BLK,339.300,100.000,36.0,+,5.135,241.6,70.3,0.481,4.929,5.408
17-hydroxyprogesterone D8,17-hydroxyprogesterone D8,SKML2025_6B_P1.mzML,2026-02-12T21:15:47Z,1,SPL,339.300,100.000,36.0,+,5.182,57928.4,8261.3,0.105,4.948,5.405
17-hydroxyprogesterone D8,17-hydroxyprogesterone D8,SKML2026_1A_P1.mzML,2026-02-12T21:29:07Z,1,SPL,339.300,100.000,36.0,+,5.194,35517.0,5232.6,0.101,4.959,5.440
17-hydroxyprogesterone D8,17-hydroxyprogesterone D8,SKML2026_1Bb_P1.mzML,2026-02-12T21:55:52Z,1,SPL,339.300,100.000,36.0,+,5.194,34480.1,5041.9,0.101,4.959,5.452
17-hydroxyprogesterone D8,17-hydroxyprogesterone D8,SKML2026_2A_P1.mzML,2026-02-12T22:09:13Z,1,SPL,339.300,100.000,36.0,+,5.194,57782.8,8110.0,0.111,4.959,5.417
17-hydroxyprogesterone D8,17-hydroxyprogesterone D8,SKML2026_2Ab_P1.mzML,2026-02-12T22:22:34Z,1,SPL,339.300,100.000,36.0,+,5.182,51691.2,7255.5,0.108,4.959,5.381
17-hydroxyprogesterone D8,17-hydroxyprogesterone D8,SKML2026_2B_P1.mzML,2026-02-12T22:35:55Z,1,SPL,339.300,100.000,36.0,+,5.182,53264.1,7677.9,0.104,4.948,5.428
17-hydroxyprogesterone D8,17-hydroxyprogesterone D8,SKML2026_2Bb_P1.mzML,2026-02-12T22:49:15Z,1,SPL,339.300,100.000,36.0,+,5.170,50992.4,6502.5,0.122,4.948,5.428
17-hydroxyprogesterone D8 [QUANL],17-hydroxyprogesterone D8 [QUANL],Blank1_P1.mzML,2026-02-12T18:10:25Z,1,BLK,339.300,113.100,36.0,+,5.346,404.2,84.6,0.469,4.919,5.397
17-hydroxyprogesterone D8 [QUANL],17-hydroxyprogesterone D8 [QUANL],PBlank1_P1.mzML,2026-02-12T18:22:35Z,1,PBLK,339.300,113.100,36.0,+,5.182,67519.0,9112.9,0.114,4.939,5.417
17-hydroxyprogesterone D8 [QUANL],17-hydroxyprogesterone D8 [QUANL],Cal 0_P1.mzML,2026-02-12T18:37:45Z,1,CAL,339.300,113.100,36.0,+,5.182,57539.4,7381.9,0.119,4.948,5.428
17-hydroxyprogesterone D8 [QUANL],17-hydroxyprogesterone D8 [QUANL],Cal A_P1.mzML,2026-02-12T18:51:16Z,1,CAL,339.300,113.100,36.0,+,5.170,50495.3,6063.6,0.134,4.959,5.405
17-hydroxyprogesterone D8 [QUANL],17-hydroxyprogesterone D8 [QUANL],Cal B_P1.mzML,2026-02-12T19:04:37Z,1,CAL,339.300,113.100,36.0,+,5.182,50825.8,6532.4,0.117,4.959,5.417
17-hydroxyprogesterone D8 [QUANL],17-hydroxyprogesterone D8 [QUANL],Cal C_P1.mzML,2026-02-12T19:17:58Z,1,CAL,339.300,113.100,36.0,+,5.170,48898.7,6400.2,0.120,4.936,5.417
17-hydroxyprogesterone D8 [QUANL],17-hydroxyprogesterone D8 [QUANL],Cal D_P1.mzML,2026-02-12T19:31:19Z,1,CAL,339.300,113.100,36.0,+,5.194,47297.6,6144.5,0.117,5.006,5.428
17-hydroxyprogesterone D8 [QUANL],17-hydroxyprogesterone D8 [QUANL],Cal E_P1.mzML,2026-02-12T19:44:43Z,1,CAL,339.300,113.100,36.0,+,5.194,50946.1,6034.0,0.134,4.959,5.428
17-hydroxyprogesterone D8 [QUANL],17-hydroxyprogesterone D8 [QUANL],Cal F_P1.mzML,2026-02-12T19:58:04Z,1,CAL,339.300,113.100,36.0,+,5.194,46056.1,5921.5,0.121,4.994,5.428
17-hydroxyprogesterone D8 [QUANL],17-hydroxyprogesterone D8 [QUANL],Blank2_P1.mzML,2026-02-12T20:11:24Z,1,BLK,339.300,113.100,36.0,+,5.229,433.5,78.7,0.469,4.979,5.457
17-hydroxyprogesterone D8 [QUANL],17-hydroxyprogesterone D8 [QUANL],QC_Low1_P1.mzML,2026-02-12T20:23:34Z,1,QC,339.300,113.100,36.0,+,5.182,47534.5,5987.9,0.127,4.936,5.417
17-hydroxyprogesterone D8 [QUANL],17-hydroxyprogesterone D8 [QUANL],QC_High1_P1.mzML,2026-02-12T20:36:55Z,1,QC,339.300,113.100,36.0,+,5.182,54142.5,7082.9,0.120,4.948,5.428
17-hydroxyprogesterone D8 [QUANL],17-hydroxyprogesterone D8 [QUANL],Blank3_P1.mzML,2026-02-12T20:50:16Z,1,BLK,339.300,113.100,36.0,+,4.994,331.7,82.3,0.469,4.979,5.457
17-hydroxyprogesterone D8 [QUANL],17-hydroxyprogesterone D8 [QUANL],SKML2025_6B_P1.mzML,2026-02-12T21:15:47Z,1,SPL,339.300,113.100,36.0,+,5.194,55937.4,7312.6,0.116,4.936,5.417
17-hydroxyprogesterone D8 [QUANL],17-hydroxyprogesterone D8 [QUANL],SKML2026_1A_P1.mzML,2026-02-12T21:29:07Z,1,SPL,339.300,113.100,36.0,+,5.194,26678.6,4047.6,0.098,4.948,5.405
17-hydroxyprogesterone D8 [QUANL],17-hydroxyprogesterone D8 [QUANL],SKML2026_1Bb_P1.mzML,2026-02-12T21:55:52Z,1,SPL,339.300,113.100,36.0,+,5.194,25476.0,3935.8,0.096,4.959,5.440
17-hydroxyprogesterone D8 [QUANL],17-hydroxyprogesterone D8 [QUANL],SKML2026_2A_P1.mzML,2026-02-12T22:09:13Z,1,SPL,339.300,113.100,36.0,+,5.194,38527.1,5414.5,0.110,4.948,5.428
17-hydroxyprogesterone D8 [QUANL],17-hydroxyprogesterone D8 [QUANL],SKML2026_2Ab_P1.mzML,2026-02-12T22:22:34Z,1,SPL,339.300,113.100,36.0,+,5.182,42584.6,6197.7,0.105,4.983,5.381
17-hydroxyprogesterone D8 [QUANL],17-hydroxyprogesterone D8 [QUANL],SKML2026_2B_P1.mzML,2026-02-12T22:35:55Z,1,SPL,339.300,113.100,36.0,+,5.182,41627.3,6425.3,0.097,4.936,5.417
17-hydroxyprogesterone D8 [QUANL],17-hydroxyprogesterone D8 [QUANL],SKML2026_2Bb_P1.mzML,2026-02-12T22:49:15Z,1,SPL,339.300,113.100,36.0,+,5.182,39998.9,5900.7,0.101,4.936,5.417
17-hydroxyprogesterone [QUANL],17-hydroxyprogesterone [QUANL],Blank1_P1.mzML,2026-02-12T18:10:25Z,1,BLK,331.300,97.100,36.0,+,5.312,753.0,210.6,0.446,5.018,5.462
17-hydroxyprogesterone [QUANL],17-hydroxyprogesterone [QUANL],PBlank1_P1.mzML,2026-02-12T18:22:35Z,1,PBLK,331.300,97.100,36.0,+,5.007,1194.4,225.2,0.291,5.008,5.452
17-hydroxyprogesterone [QUANL],17-hydroxyprogesterone [QUANL],Cal 0_P1.mzML,2026-02-12T18:37:45Z,1,CAL,331.300,97.100,36.0,+,5.229,1357.3,306.3,0.234,5.089,5.347
17-hydroxyprogesterone [QUANL],17-hydroxyprogesterone [QUANL],Cal A_P1.mzML,2026-02-12T18:51:16Z,1,CAL,331.300,97.100,36.0,+,5.241,18071.4,2660.5,0.120,5.077,5.452
17-hydroxyprogesterone [QUANL],17-hydroxyprogesterone [QUANL],Cal B_P1.mzML,2026-02-12T19:04:37Z,1,CAL,331.300,97.100,36.0,+,5.253,48961.8,6302.0,0.130,5.042,5.452
17-hydroxyprogesterone [QUANL],17-hydroxyprogesterone [QUANL],Cal C_P1.mzML,2026-02-12T19:17:58Z,1,CAL,331.300,97.100,36.0,+,5.241,129508.6,17523.6,0.115,5.030,5.476
17-hydroxyprogesterone [QUANL],17-hydroxyprogesterone [QUANL],Cal D_P1.mzML,2026-02-12T19:31:19Z,1,CAL,331.300,97.100,36.0,+,5.241,354883.8,48213.6,0.114,5.018,5.487
17-hydroxyprogesterone [QUANL],17-hydroxyprogesterone [QUANL],Cal E_P1.mzML,2026-02-12T19:44:43Z,1,CAL,331.300,97.100,36.0,+,5.253,823609.0,106340.1,0.124,5.018,5.487
17-hydroxyprogesterone [QUANL],17-hydroxyprogesterone [QUANL],Cal F_P1.mzML,2026-02-12T19:58:04Z,1,CAL,331.300,97.100,36.0,+,5.253,2242508.8,300300.7,0.114,5.042,5.487
17-hydroxyprogesterone [QUANL],17-hydroxyprogesterone [QUANL],Blank2_P1.mzML,2026-02-12T20:11:24Z,1,BLK,331.300,97.100,36.0,+,5.312,1178.5,183.8,0.446,4.988,5.432
17-hydroxyprogesterone [QUANL],17-hydroxyprogesterone [QUANL],QC_Low1_P1.mzML,2026-02-12T20:23:34Z,1,QC,331.300,97.100,36.0,+,5.241,96041.9,13981.9,0.115,5.007,5.476
17-hydroxyprogesterone [QUANL],17-hydroxyprogesterone [QUANL],QC_High1_P1.mzML,2026-02-12T20:36:55Z,1,QC,331.300,97.100,36.0,+,5.241,1616432.8,214055.4,0.119,5.007,5.487
17-hydroxyprogesterone [QUANL],17-hydroxyprogesterone [QUANL],Blank3_P1.mzML,2026-02-12T20:50:16Z,1,BLK,331.300,97.100,36.0,+,5.253,1180.8,203.1,0.434,5.048,5.492
17-hydroxyprogesterone [QUANL],17-hydroxyprogesterone [QUANL],SKML2025_6B_P1.mzML,2026-02-12T21:15:47Z,1,SPL,331.300,97.100,36.0,+,5.241,75262.7,8586.2,0.291,4.995,5.476
17-hydroxyprogesterone [QUANL],17-hydroxyprogesterone [QUANL],SKML2026_1A_P1.mzML,2026-02-12T21:29:07Z,1,SPL,331.300,97.100,36.0,+,5.241,40484.0,6242.5,0.099,5.007,5.358
17-hydroxyprogesterone [QUANL],17-hydroxyprogesterone [QUANL],SKML2026_1Bb_P1.mzML,2026-02-12T21:55:52Z,1,SPL,331.300,97.100,36.0,+,5.241,121891.8,16980.2,0.111,5.018,5.405
17-hydroxyprogesterone [QUANL],17-hydroxyprogesterone [QUANL],SKML2026_2A_P1.mzML,2026-02-12T22:09:13Z,1,SPL,331.300,97.100,36.0,+,5.241,103051.4,17367.7,0.124,5.007,5.382
17-hydroxyprogesterone [QUANL],17-hydroxyprogesterone [QUANL],SKML2026_2Ab_P1.mzML,2026-02-12T22:22:34Z,1,SPL,331.300,97.100,36.0,+,5.253,113444.5,18605.3,0.128,5.007,5.358
17-hydroxyprogesterone [QUANL],17-hydroxyprogesterone [QUANL],SKML2026_2B_P1.mzML,2026-02-12T22:35:55Z,1,SPL,331.300,97.100,36.0,+,5.229,394958.0,52792.0,0.114,4.995,5.394
17-hydroxyprogesterone [QUANL],17-hydroxyprogesterone [QUANL],SKML2026_2Bb_P1.mzML,2026-02-12T22:49:15Z,1,SPL,331.300,97.100,36.0,+,5.241,403675.8,53522.5,0.116,4.995,5.394
21-deoxycortisol,21-deoxycortisol,Blank1_P1.mzML,2026-02-12T18:10:25Z,1,BLK,347.300,311.200,15.0,+,3.434,128.8,107.7,0.211,3.411,3.617
21-deoxycortisol,21-deoxycortisol,PBlank1_P1.mzML,2026-02-12T18:22:35Z,1,PBLK,347.300,311.200,15.0,+,3.387,279.7,143.1,0.199,3.361,3.567
21-deoxycortisol,21-deoxycortisol,Cal 0_P1.mzML,2026-02-12T18:37:45Z,1,CAL,347.300,311.200,15.0,+,3.575,440.4,169.8,0.246,3.422,3.669
21-deoxycortisol,21-deoxycortisol,Cal A_P1.mzML,2026-02-12T18:51:16Z,1,CAL,347.300,311.200,15.0,+,3.528,4992.9,1036.1,0.108,3.387,3.587
21-deoxycortisol,21-deoxycortisol,Cal B_P1.mzML,2026-02-12T19:04:37Z,1,CAL,347.300,311.200,15.0,+,3.516,16244.6,3001.5,0.099,3.376,3.587
21-deoxycortisol,21-deoxycortisol,Cal C_P1.mzML,2026-02-12T19:17:58Z,1,CAL,347.300,311.200,15.0,+,3.516,47452.0,8003.9,0.106,3.376,3.587
21-deoxycortisol,21-deoxycortisol,Cal D_P1.mzML,2026-02-12T19:31:19Z,1,CAL,347.300,311.200,15.0,+,3.516,115186.1,20397.6,0.091,3.376,3.587
21-deoxycortisol,21-deoxycortisol,Cal E_P1.mzML,2026-02-12T19:44:43Z,1,CAL,347.300,311.200,15.0,+,3.516,306882.7,52492.2,0.102,3.376,3.587
21-deoxycortisol,21-deoxycortisol,Cal F_P1.mzML,2026-02-12T19:58:04Z,1,CAL,347.300,311.200,15.0,+,3.516,833264.9,138078.4,0.101,3.376,3.598
21-deoxycortisol,21-deoxycortisol,Blank2_P1.mzML,2026-02-12T20:11:24Z,1,BLK,347.300,311.200,15.0,+,3.505,211.9,106.1,0.199,3.371,3.577
21-deoxycortisol,21-deoxycortisol,QC_Low1_P1.mzML,2026-02-12T20:23:34Z,1,QC,347.300,311.200,15.0,+,3.516,30159.2,5424.5,0.097,3.376,3.587
21-deoxycortisol,21-deoxycortisol,QC_High1_P1.mzML,2026-02-12T20:36:55Z,1,QC,347.300,311.200,15.0,+,3.516,587808.2,92412.0,0.107,3.376,3.598
21-deoxycortisol,21-deoxycortisol,Blank3_P1.mzML,2026-02-12T20:50:16Z,1,BLK,347.300,311.200,15.0,+,3.411,252.7,117.7,0.211,3.411,3.617
21-deoxycortisol,21-deoxycortisol,SKML2025_6B_P1.mzML,2026-02-12T21:15:47Z,1,SPL,347.300,311.200,15.0,+,3.516,34371.5,7608.8,0.090,3.399,3.587
21-deoxycortisol,21-deoxycortisol,SKML2026_1A_P1.mzML,2026-02-12T21:29:07Z,1,SPL,347.300,311.200,15.0,+,3.493,715.4,362.8,0.129,3.434,3.563
21-deoxycortisol,21-deoxycortisol,SKML2026_1Bb_P1.mzML,2026-02-12T21:55:52Z,1,SPL,347.300,311.200,15.0,+,3.481,142.2,229.8,0.059,3.481,3.540
21-deoxycortisol,21-deoxycortisol,SKML2026_2A_P1.mzML,2026-02-12T22:09:13Z,1,SPL,347.300,311.200,15.0,+,3.516,52271.4,10301.0,0.100,3.411,3.575
21-deoxycortisol,21-deoxycortisol,SKML2026_2Ab_P1.mzML,2026-02-12T22:22:34Z,1,SPL,347.300,311.200,15.0,+,3.516,51995.4,9973.7,0.103,3.411,3.575
21-deoxycortisol,21-deoxycortisol,SKML2026_2B_P1.mzML,2026-02-12T22:35:55Z,1,SPL,347.300,311.200,15.0,+,3.516,1925.0,667.2,0.115,3.446,3.575
21-deoxycortisol,21-deoxycortisol,SKML2026_2Bb_P1.mzML,2026-02-12T22:49:15Z,1,SPL,347.300,311.200,15.0,+,3.528,1525.1,727.9,0.093,3.446,3.551
21-deoxycortisol D8,21-deoxycortisol D8,Blank1_P1.mzML,2026-02-12T18:10:25Z,1,BLK,355.300,319.200,15.0,+,3.504,224.1,126.3,0.317,3.296,3.611
21-deoxycortisol D8,21-deoxycortisol D8,PBlank1_P1.mzML,2026-02-12T18:22:35Z,1,PBLK,355.300,319.200,15.0,+,3.480,36214.3,6192.6,0.098,3.296,3.611
21-deoxycortisol D8,21-deoxycortisol D8,Cal 0_P1.mzML,2026-02-12T18:37:45Z,1,CAL,355.300,319.200,15.0,+,3.480,31988.4,5093.7,0.094,3.293,3.680
21-deoxycortisol D8,21-deoxycortisol D8,Cal A_P1.mzML,2026-02-12T18:51:16Z,1,CAL,355.300,319.200,15.0,+,3.492,27097.6,4551.5,0.095,3.316,3.621
21-deoxycortisol D8,21-deoxycortisol D8,Cal B_P1.mzML,2026-02-12T19:04:37Z,1,CAL,355.300,319.200,15.0,+,3.480,25132.9,4357.4,0.094,3.351,3.609
21-deoxycortisol D8,21-deoxycortisol D8,Cal C_P1.mzML,2026-02-12T19:17:58Z,1,CAL,355.300,319.200,15.0,+,3.480,27663.9,4756.2,0.097,3.363,3.609
21-deoxycortisol D8,21-deoxycortisol D8,Cal D_P1.mzML,2026-02-12T19:31:19Z,1,CAL,355.300,319.200,15.0,+,3.480,28512.9,4609.8,0.100,3.269,3.598
21-deoxycortisol D8,21-deoxycortisol D8,Cal E_P1.mzML,2026-02-12T19:44:43Z,1,CAL,355.300,319.200,15.0,+,3.480,26030.4,4446.4,0.094,3.316,3.586
21-deoxycortisol D8,21-deoxycortisol D8,Cal F_P1.mzML,2026-02-12T19:58:04Z,1,CAL,355.300,319.200,15.0,+,3.480,22910.8,3705.0,0.101,3.269,3.598
21-deoxycortisol D8,21-deoxycortisol D8,Blank2_P1.mzML,2026-02-12T20:11:24Z,1,BLK,355.300,319.200,15.0,+,3.480,264.2,110.4,0.305,3.276,3.591
21-deoxycortisol D8,21-deoxycortisol D8,QC_Low1_P1.mzML,2026-02-12T20:23:34Z,1,QC,355.300,319.200,15.0,+,3.480,23200.8,3712.7,0.102,3.281,3.621
21-deoxycortisol D8,21-deoxycortisol D8,QC_High1_P1.mzML,2026-02-12T20:36:55Z,1,QC,355.300,319.200,15.0,+,3.480,29372.8,4603.8,0.102,3.269,3.597
21-deoxycortisol D8,21-deoxycortisol D8,Blank3_P1.mzML,2026-02-12T20:50:16Z,1,BLK,355.300,319.200,15.0,+,3.551,353.8,106.4,0.317,3.336,3.651
21-deoxycortisol D8,21-deoxycortisol D8,SKML2025_6B_P1.mzML,2026-02-12T21:15:47Z,1,SPL,355.300,319.200,15.0,+,3.480,42880.5,7699.4,0.092,3.293,3.633
21-deoxycortisol D8,21-deoxycortisol D8,SKML2026_1A_P1.mzML,2026-02-12T21:29:07Z,1,SPL,355.300,319.200,15.0,+,3.480,20318.7,3820.6,0.087,3.257,3.574
21-deoxycortisol D8,21-deoxycortisol D8,SKML2026_1Bb_P1.mzML,2026-02-12T21:55:52Z,1,SPL,355.300,319.200,15.0,+,3.480,19978.0,3624.5,0.090,3.351,3.680
21-deoxycortisol D8,21-deoxycortisol D8,SKML2026_2A_P1.mzML,2026-02-12T22:09:13Z,1,SPL,355.300,319.200,15.0,+,3.480,34809.0,5909.2,0.093,3.269,3.703
21-deoxycortisol D8,21-deoxycortisol D8,SKML2026_2Ab_P1.mzML,2026-02-12T22:22:34Z,1,SPL,355.300,319.200,15.0,+,3.480,34659.2,5993.2,0.091,3.269,3.680
21-deoxycortisol D8,21-deoxycortisol D8,SKML2026_2B_P1.mzML,2026-02-12T22:35:55Z,1,SPL,355.300,319.200,15.0,+,3.480,31517.7,5188.1,0.091,3.281,3.691
21-deoxycortisol D8,21-deoxycortisol D8,SKML2026_2Bb_P1.mzML,2026-02-12T22:49:15Z,1,SPL,355.300,319.200,15.0,+,3.480,29742.6,4999.1,0.093,3.328,3.668
21-deoxycortisol D8 [QUAL],21-deoxycortisol D8 [QUAL],Blank1_P1.mzML,2026-02-12T18:10:25Z,1,BLK,355.300,125.100,28.0,+,3.363,234.9,108.5,0.305,3.300,3.604
21-deoxycortisol D8 [QUAL],21-deoxycortisol D8 [QUAL],PBlank1_P1.mzML,2026-02-12T18:22:35Z,1,PBLK,355.300,125.100,28.0,+,3.480,10715.3,1864.2,0.094,3.330,3.634
21-deoxycortisol D8 [QUAL],21-deoxycortisol D8 [QUAL],Cal 0_P1.mzML,2026-02-12T18:37:45Z,1,CAL,355.300,125.100,28.0,+,3.480,10621.0,1727.2,0.101,3.351,3.726
21-deoxycortisol D8 [QUAL],21-deoxycortisol D8 [QUAL],Cal A_P1.mzML,2026-02-12T18:51:16Z,1,CAL,355.300,125.100,28.0,+,3.492,8518.1,1521.9,0.091,3.316,3.668
21-deoxycortisol D8 [QUAL],21-deoxycortisol D8 [QUAL],Cal B_P1.mzML,2026-02-12T19:04:37Z,1,CAL,355.300,125.100,28.0,+,3.480,8511.1,1561.6,0.096,3.304,3.633
21-deoxycortisol D8 [QUAL],21-deoxycortisol D8 [QUAL],Cal C_P1.mzML,2026-02-12T19:17:58Z,1,CAL,355.300,125.100,28.0,+,3.480,7921.9,1339.1,0.100,3.363,3.621
21-deoxycortisol D8 [QUAL],21-deoxycortisol D8 [QUAL],Cal D_P1.mzML,2026-02-12T19:31:19Z,1,CAL,355.300,125.100,28.0,+,3.480,8256.4,1362.0,0.106,3.340,3.621
21-deoxycortisol D8 [QUAL],21-deoxycortisol D8 [QUAL],Cal E_P1.mzML,2026-02-12T19:44:43Z,1,CAL,355.300,125.100,28.0,+,3.480,7940.5,1377.8,0.100,3.351,3.598
21-deoxycortisol D8 [QUAL],21-deoxycortisol D8 [QUAL],Cal F_P1.mzML,2026-02-12T19:58:04Z,1,CAL,355.300,125.100,28.0,+,3.492,8969.1,1613.5,0.097,3.316,3.598
21-deoxycortisol D8 [QUAL],21-deoxycortisol D8 [QUAL],Blank2_P1.mzML,2026-02-12T20:11:24Z,1,BLK,355.300,125.100,28.0,+,3.539,290.4,109.4,0.305,3.360,3.664
21-deoxycortisol D8 [QUAL],21-deoxycortisol D8 [QUAL],QC_Low1_P1.mzML,2026-02-12T20:23:34Z,1,QC,355.300,125.100,28.0,+,3.480,7160.7,1260.4,0.103,3.351,3.633
21-deoxycortisol D8 [QUAL],21-deoxycortisol D8 [QUAL],QC_High1_P1.mzML,2026-02-12T20:36:55Z,1,QC,355.300,125.100,28.0,+,3.492,9528.9,1705.2,0.100,3.340,3.586
21-deoxycortisol D8 [QUAL],21-deoxycortisol D8 [QUAL],Blank3_P1.mzML,2026-02-12T20:50:16Z,1,BLK,355.300,125.100,28.0,+,3.363,261.9,84.4,0.305,3.360,3.664
21-deoxycortisol D8 [QUAL],21-deoxycortisol D8 [QUAL],SKML2025_6B_P1.mzML,2026-02-12T21:15:47Z,1,SPL,355.300,125.100,28.0,+,3.480,10707.1,1991.5,0.092,3.340,3.656
21-deoxycortisol D8 [QUAL],21-deoxycortisol D8 [QUAL],SKML2026_1A_P1.mzML,2026-02-12T21:29:07Z,1,SPL,355.300,125.100,28.0,+,3.480,6424.8,1251.1,0.091,3.304,3.586
21-deoxycortisol D8 [QUAL],21-deoxycortisol D8 [QUAL],SKML2026_1Bb_P1.mzML,2026-02-12T21:55:52Z,1,SPL,355.300,125.100,28.0,+,3.480,7314.1,1356.4,0.087,3.304,3.715
21-deoxycortisol D8 [QUAL],21-deoxycortisol D8 [QUAL],SKML2026_2A_P1.mzML,2026-02-12T22:09:13Z,1,SPL,355.300,125.100,28.0,+,3.492,8608.5,1535.7,0.097,3.340,3.644
21-deoxycortisol D8 [QUAL],21-deoxycortisol D8 [QUAL],SKML2026_2Ab_P1.mzML,2026-02-12T22:22:34Z,1,SPL,355.300,125.100,28.0,+,3.480,9214.6,1557.0,0.095,3.328,3.703
21-deoxycortisol D8 [QUAL],21-deoxycortisol D8 [QUAL],SKML2026_2B_P1.mzML,2026-02-12T22:35:55Z,1,SPL,355.300,125.100,28.0,+,3.492,9766.0,1681.7,0.095,3.340,3.644
21-deoxycortisol D8 [QUAL],21-deoxycortisol D8 [QUAL],SKML2026_2Bb_P1.mzML,2026-02-12T22:49:15Z,1,SPL,355.300,125.100,28.0,+,3.492,8560.4,1513.4,0.098,3.363,3.644
21-deoxycortisol [QUAL2],21-deoxycortisol [QUAL2],Blank1_P1.mzML,2026-02-12T18:10:25Z,1,BLK,347.300,43.100,60.0,+,3.481,582.5,363.4,0.211,3.397,3.612
21-deoxycortisol [QUAL2],21-deoxycortisol [QUAL2],PBlank1_P1.mzML,2026-02-12T18:22:35Z,1,PBLK,347.300,43.100,60.0,+,3.423,569.5,291.4,0.211,3.372,3.587
21-deoxycortisol [QUAL2],21-deoxycortisol [QUAL2],Cal 0_P1.mzML,2026-02-12T18:37:45Z,1,CAL,347.300,43.100,60.0,+,3.587,735.0,415.3,0.188,3.446,3.634
21-deoxycortisol [QUAL2],21-deoxycortisol [QUAL2],Cal A_P1.mzML,2026-02-12T18:51:16Z,1,CAL,347.300,43.100,60.0,+,3.528,3481.5,1053.5,0.109,3.435,3.599
21-deoxycortisol [QUAL2],21-deoxycortisol [QUAL2],Cal B_P1.mzML,2026-02-12T19:04:37Z,1,CAL,347.300,43.100,60.0,+,3.517,9952.9,2070.9,0.094,3.364,3.587
21-deoxycortisol [QUAL2],21-deoxycortisol [QUAL2],Cal C_P1.mzML,2026-02-12T19:17:58Z,1,CAL,347.300,43.100,60.0,+,3.517,26815.4,4951.1,0.095,3.364,3.587
21-deoxycortisol [QUAL2],21-deoxycortisol [QUAL2],Cal D_P1.mzML,2026-02-12T19:31:19Z,1,CAL,347.300,43.100,60.0,+,3.517,67601.3,11574.6,0.102,3.364,3.587
21-deoxycortisol [QUAL2],21-deoxycortisol [QUAL2],Cal E_P1.mzML,2026-02-12T19:44:43Z,1,CAL,347.300,43.100,60.0,+,3.517,210549.7,36434.1,0.090,3.376,3.599
21-deoxycortisol [QUAL2],21-deoxycortisol [QUAL2],Cal F_P1.mzML,2026-02-12T19:58:04Z,1,CAL,347.300,43.100,60.0,+,3.517,458910.5,76064.4,0.101,3.376,3.599
21-deoxycortisol [QUAL2],21-deoxycortisol [QUAL2],Blank2_P1.mzML,2026-02-12T20:11:24Z,1,BLK,347.300,43.100,60.0,+,3.411,951.9,259.7,0.211,3.382,3.597
21-deoxycortisol [QUAL2],21-deoxycortisol [QUAL2],QC_Low1_P1.mzML,2026-02-12T20:23:34Z,1,QC,347.300,43.100,60.0,+,3.517,16665.1,3052.6,0.118,3.376,3.599
21-deoxycortisol [QUAL2],21-deoxycortisol [QUAL2],QC_High1_P1.mzML,2026-02-12T20:36:55Z,1,QC,347.300,43.100,60.0,+,3.528,353024.3,58870.5,0.096,3.376,3.599
21-deoxycortisol [QUAL2],21-deoxycortisol [QUAL2],Blank3_P1.mzML,2026-02-12T20:50:16Z,1,BLK,347.300,43.100,60.0,+,3.399,657.6,229.3,0.211,3.352,3.567
21-deoxycortisol [QUAL2],21-deoxycortisol [QUAL2],SKML2025_6B_P1.mzML,2026-02-12T21:15:47Z,1,SPL,347.300,43.100,60.0,+,3.505,20915.8,6115.4,0.118,3.399,3.587
21-deoxycortisol [QUAL2],21-deoxycortisol [QUAL2],SKML2026_1A_P1.mzML,2026-02-12T21:29:07Z,1,SPL,347.300,43.100,60.0,+,3.458,665.3,646.5,0.082,3.458,3.540
21-deoxycortisol [QUAL2],21-deoxycortisol [QUAL2],SKML2026_1Bb_P1.mzML,2026-02-12T21:55:52Z,1,SPL,347.300,43.100,60.0,+,3.470,1624.7,684.6,0.093,3.446,3.552
21-deoxycortisol [QUAL2],21-deoxycortisol [QUAL2],SKML2026_2A_P1.mzML,2026-02-12T22:09:13Z,1,SPL,347.300,43.100,60.0,+,3.517,28822.7,6394.7,0.100,3.411,3.575
21-deoxycortisol [QUAL2],21-deoxycortisol [QUAL2],SKML2026_2Ab_P1.mzML,2026-02-12T22:22:34Z,1,SPL,347.300,43.100,60.0,+,3.517,30726.9,6446.0,0.108,3.411,3.575
21-deoxycortisol [QUAL2],21-deoxycortisol [QUAL2],SKML2026_2B_P1.mzML,2026-02-12T22:35:55Z,1,SPL,347.300,43.100,60.0,+,3.505,706.6,782.9,0.129,3.446,3.575
21-deoxycortisol [QUAL2],21-deoxycortisol [QUAL2],SKML2026_2Bb_P1.mzML,2026-02-12T22:49:15Z,1,SPL,347.300,43.100,60.0,+,3.458,474.0,803.5,0.117,3.435,3.552
21-deoxycortisol [QUAL],21-deoxycortisol [QUAL],Blank1_P1.mzML,2026-02-12T18:10:25Z,1,BLK,347.300,121.100,28.0,+,3.528,265.4,116.8,0.188,3.388,3.575
21-deoxycortisol [QUAL],21-deoxycortisol [QUAL],PBlank1_P1.mzML,2026-02-12T18:22:35Z,1,PBLK,347.300,121.100,28.0,+,3.458,139.6,94.0,0.188,3.388,3.575
21-deoxycortisol [QUAL],21-deoxycortisol [QUAL],Cal 0_P1.mzML,2026-02-12T18:37:45Z,1,CAL,347.300,121.100,28.0,+,3.481,177.5,135.7,0.188,3.358,3.545
21-deoxycortisol [QUAL],21-deoxycortisol [QUAL],Cal A_P1.mzML,2026-02-12T18:51:16Z,1,CAL,347.300,121.100,28.0,+,3.517,3739.3,748.4,0.115,3.398,3.585
21-deoxycortisol [QUAL],21-deoxycortisol [QUAL],Cal B_P1.mzML,2026-02-12T19:04:37Z,1,CAL,347.300,121.100,28.0,+,3.517,7751.4,1683.0,0.093,3.378,3.565
21-deoxycortisol [QUAL],21-deoxycortisol [QUAL],Cal C_P1.mzML,2026-02-12T19:17:58Z,1,CAL,347.300,121.100,28.0,+,3.517,25999.9,4862.0,0.102,3.388,3.575
21-deoxycortisol [QUAL],21-deoxycortisol [QUAL],Cal D_P1.mzML,2026-02-12T19:31:19Z,1,CAL,347.300,121.100,28.0,+,3.517,59974.6,10845.1,0.102,3.388,3.575
21-deoxycortisol [QUAL],21-deoxycortisol [QUAL],Cal E_P1.mzML,2026-02-12T19:44:43Z,1,CAL,347.300,121.100,28.0,+,3.517,146150.8,26176.8,0.102,3.388,3.575
21-deoxycortisol [QUAL],21-deoxycortisol [QUAL],Cal F_P1.mzML,2026-02-12T19:58:04Z,1,CAL,347.300,121.100,28.0,+,3.517,409521.1,73945.5,0.106,3.388,3.575
21-deoxycortisol [QUAL],21-deoxycortisol [QUAL],Blank2_P1.mzML,2026-02-12T20:11:24Z,1,BLK,347.300,121.100,28.0,+,3.575,171.5,89.8,0.188,3.418,3.605
21-deoxycortisol [QUAL],21-deoxycortisol [QUAL],QC_Low1_P1.mzML,2026-02-12T20:23:34Z,1,QC,347.300,121.100,28.0,+,3.517,15498.0,2994.6,0.094,3.388,3.575
21-deoxycortisol [QUAL],21-deoxycortisol [QUAL],QC_High1_P1.mzML,2026-02-12T20:36:55Z,1,QC,347.300,121.100,28.0,+,3.517,254089.5,44882.6,0.102,3.388,3.575
21-deoxycortisol [QUAL],21-deoxycortisol [QUAL],Blank3_P1.mzML,2026-02-12T20:50:16Z,1,BLK,347.300,121.100,28.0,+,3.505,140.6,89.5,0.188,3.418,3.605
21-deoxycortisol [QUAL],21-deoxycortisol [QUAL],SKML2025_6B_P1.mzML,2026-02-12T21:15:47Z,1,SPL,347.300,121.100,28.0,+,3.587,19919.6,4253.3,0.113,3.398,3.585
21-deoxycortisol [QUAL],21-deoxycortisol [QUAL],SKML2026_1A_P1.mzML,2026-02-12T21:29:07Z,1,SPL,347.300,121.100,28.0,+,3.575,535.3,432.7,0.188,3.388,3.575
21-deoxycortisol [QUAL],21-deoxycortisol [QUAL],SKML2026_1Bb_P1.mzML,2026-02-12T21:55:52Z,1,SPL,347.300,121.100,28.0,+,3.399,1207.5,329.8,0.126,3.388,3.575
21-deoxycortisol [QUAL],21-deoxycortisol [QUAL],SKML2026_2A_P1.mzML,2026-02-12T22:09:13Z,1,SPL,347.300,121.100,28.0,+,3.599,37228.8,14435.2,0.014,3.408,3.595
21-deoxycortisol [QUAL],21-deoxycortisol [QUAL],SKML2026_2Ab_P1.mzML,2026-02-12T22:22:34Z,1,SPL,347.300,121.100,28.0,+,3.599,35503.5,17316.9,0.011,3.408,3.595
21-deoxycortisol [QUAL],21-deoxycortisol [QUAL],SKML2026_2B_P1.mzML,2026-02-12T22:35:55Z,1,SPL,347.300,121.100,28.0,+,3.587,1078.8,877.8,0.019,3.398,3.585
21-deoxycortisol [QUAL],21-deoxycortisol [QUAL],SKML2026_2Bb_P1.mzML,2026-02-12T22:49:15Z,1,SPL,347.300,121.100,28.0,+,3.575,1053.7,793.3,0.083,3.388,3.575
Aldosterone,Aldosterone,Blank1_P1.mzML,2026-02-12T18:10:25Z,1,BLK,361.200,315.200,20.0,+,2.530,262.3,98.0,0.293,2.396,2.689
Aldosterone,Aldosterone,PBlank1_P1.mzML,2026-02-12T18:22:35Z,1,PBLK,361.200,315.200,20.0,+,2.553,319.8,110.4,0.293,2.366,2.659
Aldosterone,Aldosterone,Cal 0_P1.mzML,2026-02-12T18:37:45Z,1,CAL,361.200,315.200,20.0,+,2.530,405.8,114.9,0.223,2.401,2.624
Aldosterone,Aldosterone,Cal A_P1.mzML,2026-02-12T18:51:16Z,1,CAL,361.200,315.200,20.0,+,2.471,6435.3,1207.2,0.097,2.366,2.717
Aldosterone,Aldosterone,Cal B_P1.mzML,2026-02-12T19:04:37Z,1,CAL,361.200,315.200,20.0,+,2.471,14343.8,2677.5,0.092,2.354,2.682
Aldosterone,Aldosterone,Cal C_P1.mzML,2026-02-12T19:17:58Z,1,CAL,361.200,315.200,20.0,+,2.471,29856.2,5106.1,0.096,2.354,2.682
Aldosterone,Aldosterone,Cal D_P1.mzML,2026-02-12T19:31:19Z,1,CAL,361.200,315.200,20.0,+,2.471,61968.3,11241.2,0.089,2.366,2.659
Aldosterone,Aldosterone,Cal E_P1.mzML,2026-02-12T19:44:43Z,1,CAL,361.200,315.200,20.0,+,2.483,123690.6,22963.0,0.089,2.366,2.659
Aldosterone,Aldosterone,Cal F_P1.mzML,2026-02-12T19:58:04Z,1,CAL,361.200,315.200,20.0,+,2.483,272399.8,47271.7,0.094,2.366,2.671
Aldosterone,Aldosterone,Blank2_P1.mzML,2026-02-12T20:11:24Z,1,BLK,361.200,315.200,20.0,+,2.436,216.1,77.4,0.293,2.336,2.629
Aldosterone,Aldosterone,QC_Low1_P1.mzML,2026-02-12T20:23:34Z,1,QC,361.200,315.200,20.0,+,2.483,21530.4,3758.8,0.095,2.366,2.659
Aldosterone,Aldosterone,QC_High1_P1.mzML,2026-02-12T20:36:55Z,1,QC,361.200,315.200,20.0,+,2.483,244378.0,40700.5,0.098,2.366,2.659
Aldosterone,Aldosterone,Blank3_P1.mzML,2026-02-12T20:50:16Z,1,BLK,361.200,315.200,20.0,+,2.553,249.9,87.0,0.293,2.396,2.689
Aldosterone,Aldosterone,SKML2025_6B_P1.mzML,2026-02-12T21:15:47Z,1,SPL,361.200,315.200,20.0,+,2.471,9479.9,1969.8,0.093,2.354,2.600
Aldosterone,Aldosterone,SKML2026_1A_P1.mzML,2026-02-12T21:29:07Z,1,SPL,361.200,315.200,20.0,+,2.471,4743.8,940.0,0.110,2.377,2.647
Aldosterone,Aldosterone,SKML2026_1Bb_P1.mzML,2026-02-12T21:55:52Z,1,SPL,361.200,315.200,20.0,+,2.483,1832.9,476.4,0.105,2.377,2.565
Aldosterone,Aldosterone,SKML2026_2A_P1.mzML,2026-02-12T22:09:13Z,1,SPL,361.200,315.200,20.0,+,2.483,17012.6,3269.5,0.090,2.366,2.635
Aldosterone,Aldosterone,SKML2026_2Ab_P1.mzML,2026-02-12T22:22:34Z,1,SPL,361.200,315.200,20.0,+,2.483,13348.6,2602.4,0.093,2.377,2.600
Aldosterone,Aldosterone,SKML2026_2B_P1.mzML,2026-02-12T22:35:55Z,1,SPL,361.200,315.200,20.0,+,2.471,2712.8,551.5,0.113,2.354,2.635
Aldosterone,Aldosterone,SKML2026_2Bb_P1.mzML,2026-02-12T22:49:15Z,1,SPL,361.200,315.200,20.0,+,2.471,1819.6,493.0,0.108,2.354,2.647
Aldosterone D4,Aldosterone D4,Blank1_P1.mzML,2026-02-12T18:10:25Z,1,BLK,365.200,319.200,20.0,+,2.728,323.5,86.0,0.340,2.383,2.723
Aldosterone D4,Aldosterone D4,PBlank1_P1.mzML,2026-02-12T18:22:35Z,1,PBLK,365.200,319.200,20.0,+,2.459,57703.1,9790.9,0.092,2.353,2.693
Aldosterone D4,Aldosterone D4,Cal 0_P1.mzML,2026-02-12T18:37:45Z,1,CAL,365.200,319.200,20.0,+,2.470,28988.3,4885.7,0.093,2.353,2.670
Aldosterone D4,Aldosterone D4,Cal A_P1.mzML,2026-02-12T18:51:16Z,1,CAL,365.200,319.200,20.0,+,2.470,32231.3,5375.8,0.092,2.365,2.693
Aldosterone D4,Aldosterone D4,Cal B_P1.mzML,2026-02-12T19:04:37Z,1,CAL,365.200,319.200,20.0,+,2.459,32357.9,5600.5,0.089,2.353,2.693
Aldosterone D4,Aldosterone D4,Cal C_P1.mzML,2026-02-12T19:17:58Z,1,CAL,365.200,319.200,20.0,+,2.459,33793.8,5802.6,0.090,2.353,2.716
Aldosterone D4,Aldosterone D4,Cal D_P1.mzML,2026-02-12T19:31:19Z,1,CAL,365.200,319.200,20.0,+,2.459,37091.2,6275.4,0.090,2.353,2.693
Aldosterone D4,Aldosterone D4,Cal E_P1.mzML,2026-02-12T19:44:43Z,1,CAL,365.200,319.200,20.0,+,2.470,36502.5,6029.7,0.093,2.365,2.740
Aldosterone D4,Aldosterone D4,Cal F_P1.mzML,2026-02-12T19:58:04Z,1,CAL,365.200,319.200,20.0,+,2.470,30144.8,5032.1,0.095,2.365,2.658
Aldosterone D4,Aldosterone D4,Blank2_P1.mzML,2026-02-12T20:11:24Z,1,BLK,365.200,319.200,20.0,+,2.623,211.0,75.2,0.340,2.383,2.723
Aldosterone D4,Aldosterone D4,QC_Low1_P1.mzML,2026-02-12T20:23:34Z,1,QC,365.200,319.200,20.0,+,2.470,34988.5,6066.1,0.088,2.341,2.693
Aldosterone D4,Aldosterone D4,QC_High1_P1.mzML,2026-02-12T20:36:55Z,1,QC,365.200,319.200,20.0,+,2.470,37210.3,6114.0,0.095,2.353,2.740
Aldosterone D4,Aldosterone D4,Blank3_P1.mzML,2026-02-12T20:50:16Z,1,BLK,365.200,319.200,20.0,+,2.423,443.6,87.6,0.340,2.323,2.663
Aldosterone D4,Aldosterone D4,SKML2025_6B_P1.mzML,2026-02-12T21:15:47Z,1,SPL,365.200,319.200,20.0,+,2.459,25026.8,4075.6,0.092,2.341,2.728
Aldosterone D4,Aldosterone D4,SKML2026_1A_P1.mzML,2026-02-12T21:29:07Z,1,SPL,365.200,319.200,20.0,+,2.459,16427.6,2877.3,0.092,2.353,2.634
Aldosterone D4,Aldosterone D4,SKML2026_1Bb_P1.mzML,2026-02-12T21:55:52Z,1,SPL,365.200,319.200,20.0,+,2.459,17735.0,3017.5,0.091,2.353,2.681
Aldosterone D4,Aldosterone D4,SKML2026_2A_P1.mzML,2026-02-12T22:09:13Z,1,SPL,365.200,319.200,20.0,+,2.470,19715.1,3321.1,0.093,2.353,2.728
Aldosterone D4,Aldosterone D4,SKML2026_2Ab_P1.mzML,2026-02-12T22:22:34Z,1,SPL,365.200,319.200,20.0,+,2.470,16575.7,2744.5,0.093,2.341,2.716
Aldosterone D4,Aldosterone D4,SKML2026_2B_P1.mzML,2026-02-12T22:35:55Z,1,SPL,365.200,319.200,20.0,+,2.470,19640.0,3464.3,0.090,2.341,2.681
Aldosterone D4,Aldosterone D4,SKML2026_2Bb_P1.mzML,2026-02-12T22:49:15Z,1,SPL,365.200,319.200,20.0,+,2.470,17602.7,3028.4,0.089,2.341,2.728
Aldosterone D4 [QUAL],Aldosterone D4 [QUAL],Blank1_P1.mzML,2026-02-12T18:10:25Z,1,BLK,365.200,347.200,16.0,+,2.623,2571.1,387.3,0.305,2.323,2.628
Aldosterone D4 [QUAL],Aldosterone D4 [QUAL],PBlank1_P1.mzML,2026-02-12T18:22:35Z,1,PBLK,365.200,347.200,16.0,+,2.459,83536.1,14215.6,0.094,2.343,2.648
Aldosterone D4 [QUAL],Aldosterone D4 [QUAL],Cal 0_P1.mzML,2026-02-12T18:37:45Z,1,CAL,365.200,347.200,16.0,+,2.470,43635.5,7242.8,0.098,2.365,2.681
Aldosterone D4 [QUAL],Aldosterone D4 [QUAL],Cal A_P1.mzML,2026-02-12T18:51:16Z,1,CAL,365.200,347.200,16.0,+,2.470,53547.9,9141.7,0.092,2.365,2.681
Aldosterone D4 [QUAL],Aldosterone D4 [QUAL],Cal B_P1.mzML,2026-02-12T19:04:37Z,1,CAL,365.200,347.200,16.0,+,2.470,44623.9,7420.3,0.097,2.353,2.693
Aldosterone D4 [QUAL],Aldosterone D4 [QUAL],Cal C_P1.mzML,2026-02-12T19:17:58Z,1,CAL,365.200,347.200,16.0,+,2.470,50663.8,8607.6,0.095,2.353,2.670
Aldosterone D4 [QUAL],Aldosterone D4 [QUAL],Cal D_P1.mzML,2026-02-12T19:31:19Z,1,CAL,365.200,347.200,16.0,+,2.470,55226.4,9303.5,0.096,2.365,2.670
Aldosterone D4 [QUAL],Aldosterone D4 [QUAL],Cal E_P1.mzML,2026-02-12T19:44:43Z,1,CAL,365.200,347.200,16.0,+,2.470,47281.1,8088.4,0.094,2.365,2.658
Aldosterone D4 [QUAL],Aldosterone D4 [QUAL],Cal F_P1.mzML,2026-02-12T19:58:04Z,1,CAL,365.200,347.200,16.0,+,2.470,40019.5,6915.6,0.103,2.353,2.658
Aldosterone D4 [QUAL],Aldosterone D4 [QUAL],Blank2_P1.mzML,2026-02-12T20:11:24Z,1,BLK,365.200,347.200,16.0,+,2.365,1605.3,302.8,0.305,2.323,2.628
Aldosterone D4 [QUAL],Aldosterone D4 [QUAL],QC_Low1_P1.mzML,2026-02-12T20:23:34Z,1,QC,365.200,347.200,16.0,+,2.459,49684.9,7832.3,0.103,2.353,2.693
Aldosterone D4 [QUAL],Aldosterone D4 [QUAL],QC_High1_P1.mzML,2026-02-12T20:36:55Z,1,QC,365.200,347.200,16.0,+,2.470,65638.5,10981.6,0.096,2.341,2.693
Aldosterone D4 [QUAL],Aldosterone D4 [QUAL],Blank3_P1.mzML,2026-02-12T20:50:16Z,1,BLK,365.200,347.200,16.0,+,2.623,1246.2,341.8,0.305,2.323,2.628
Aldosterone D4 [QUAL],Aldosterone D4 [QUAL],SKML2025_6B_P1.mzML,2026-02-12T21:15:47Z,1,SPL,365.200,347.200,16.0,+,2.459,33119.7,5474.1,0.103,2.341,2.588
Aldosterone D4 [QUAL],Aldosterone D4 [QUAL],SKML2026_1A_P1.mzML,2026-02-12T21:29:07Z,1,SPL,365.200,347.200,16.0,+,2.459,26895.5,4280.2,0.101,2.341,2.681
Aldosterone D4 [QUAL],Aldosterone D4 [QUAL],SKML2026_1Bb_P1.mzML,2026-02-12T21:55:52Z,1,SPL,365.200,347.200,16.0,+,2.459,26929.5,4538.6,0.101,2.341,2.646
Aldosterone D4 [QUAL],Aldosterone D4 [QUAL],SKML2026_2A_P1.mzML,2026-02-12T22:09:13Z,1,SPL,365.200,347.200,16.0,+,2.470,28008.8,5259.4,0.089,2.353,2.588
Aldosterone D4 [QUAL],Aldosterone D4 [QUAL],SKML2026_2Ab_P1.mzML,2026-02-12T22:22:34Z,1,SPL,365.200,347.200,16.0,+,2.470,29186.6,5026.2,0.094,2.353,2.623
Aldosterone D4 [QUAL],Aldosterone D4 [QUAL],SKML2026_2B_P1.mzML,2026-02-12T22:35:55Z,1,SPL,365.200,347.200,16.0,+,2.459,24068.2,4290.5,0.097,2.341,2.599
Aldosterone D4 [QUAL],Aldosterone D4 [QUAL],SKML2026_2Bb_P1.mzML,2026-02-12T22:49:15Z,1,SPL,365.200,347.200,16.0,+,2.459,23401.9,4347.2,0.091,2.341,2.588
Aldosterone [QUAL],Aldosterone [QUAL],Blank1_P1.mzML,2026-02-12T18:10:25Z,1,BLK,361.200,343.100,16.0,+,2.553,584.9,245.6,0.270,2.347,2.615
Aldosterone [QUAL],Aldosterone [QUAL],PBlank1_P1.mzML,2026-02-12T18:22:35Z,1,PBLK,361.200,343.100,16.0,+,2.600,321.8,246.4,0.270,2.347,2.615
Aldosterone [QUAL],Aldosterone [QUAL],Cal 0_P1.mzML,2026-02-12T18:37:45Z,1,CAL,361.200,343.100,16.0,+,2.588,1153.2,367.5,0.317,2.401,2.717
Aldosterone [QUAL],Aldosterone [QUAL],Cal A_P1.mzML,2026-02-12T18:51:16Z,1,CAL,361.200,343.100,16.0,+,2.483,12771.3,2455.8,0.107,2.377,2.612
Aldosterone [QUAL],Aldosterone [QUAL],Cal B_P1.mzML,2026-02-12T19:04:37Z,1,CAL,361.200,343.100,16.0,+,2.483,25683.3,5103.4,0.091,2.377,2.612
Aldosterone [QUAL],Aldosterone [QUAL],Cal C_P1.mzML,2026-02-12T19:17:58Z,1,CAL,361.200,343.100,16.0,+,2.471,61820.8,11386.0,0.094,2.366,2.659
Aldosterone [QUAL],Aldosterone [QUAL],Cal D_P1.mzML,2026-02-12T19:31:19Z,1,CAL,361.200,343.100,16.0,+,2.483,132194.0,24344.7,0.088,2.377,2.671
Aldosterone [QUAL],Aldosterone [QUAL],Cal E_P1.mzML,2026-02-12T19:44:43Z,1,CAL,361.200,343.100,16.0,+,2.483,257373.2,46180.6,0.093,2.377,2.659
Aldosterone [QUAL],Aldosterone [QUAL],Cal F_P1.mzML,2026-02-12T19:58:04Z,1,CAL,361.200,343.100,16.0,+,2.483,444158.0,77528.3,0.094,2.377,2.659
Aldosterone [QUAL],Aldosterone [QUAL],Blank2_P1.mzML,2026-02-12T20:11:24Z,1,BLK,361.200,343.100,16.0,+,2.612,462.4,199.3,0.270,2.347,2.615
Aldosterone [QUAL],Aldosterone [QUAL],QC_Low1_P1.mzML,2026-02-12T20:23:34Z,1,QC,361.200,343.100,16.0,+,2.483,40303.5,7497.2,0.095,2.366,2.671
Aldosterone [QUAL],Aldosterone [QUAL],QC_High1_P1.mzML,2026-02-12T20:36:55Z,1,QC,361.200,343.100,16.0,+,2.471,472664.0,81087.6,0.096,2.377,2.647
Aldosterone [QUAL],Aldosterone [QUAL],Blank3_P1.mzML,2026-02-12T20:50:16Z,1,BLK,361.200,343.100,16.0,+,2.495,739.1,208.0,0.270,2.367,2.635
Aldosterone [QUAL],Aldosterone [QUAL],SKML2025_6B_P1.mzML,2026-02-12T21:15:47Z,1,SPL,361.200,343.100,16.0,+,2.471,18969.9,4152.8,0.102,2.366,2.588
Aldosterone [QUAL],Aldosterone [QUAL],SKML2026_1A_P1.mzML,2026-02-12T21:29:07Z,1,SPL,361.200,343.100,16.0,+,2.471,13566.0,2616.7,0.119,2.366,2.624
Aldosterone [QUAL],Aldosterone [QUAL],SKML2026_1Bb_P1.mzML,2026-02-12T21:55:52Z,1,SPL,361.200,343.100,16.0,+,2.424,6262.7,1176.8,0.182,2.366,2.635
Aldosterone [QUAL],Aldosterone [QUAL],SKML2026_2A_P1.mzML,2026-02-12T22:09:13Z,1,SPL,361.200,343.100,16.0,+,2.483,33998.6,6688.2,0.097,2.377,2.612
Aldosterone [QUAL],Aldosterone [QUAL],SKML2026_2Ab_P1.mzML,2026-02-12T22:22:34Z,1,SPL,361.200,343.100,16.0,+,2.483,29969.5,5704.5,0.103,2.366,2.635
Aldosterone [QUAL],Aldosterone [QUAL],SKML2026_2B_P1.mzML,2026-02-12T22:35:55Z,1,SPL,361.200,343.100,16.0,+,2.471,5489.0,1488.9,0.122,2.424,2.612
Aldosterone [QUAL],Aldosterone [QUAL],SKML2026_2Bb_P1.mzML,2026-02-12T22:49:15Z,1,SPL,361.200,343.100,16.0,+,2.471,4288.5,1347.4,0.118,2.424,2.600
Androstenedione,Androstenedione,Blank1_P1.mzML,2026-02-12T18:10:25Z,1,BLK,287.200,97.100,28.0,+,4.294,989.9,277.8,0.387,4.138,4.525
Androstenedione,Androstenedione,PBlank1_P1.mzML,2026-02-12T18:22:35Z,1,PBLK,287.200,97.100,28.0,+,4.271,1461.0,300.6,0.387,4.148,4.535
Androstenedione,Androstenedione,Cal 0_P1.mzML,2026-02-12T18:37:45Z,1,CAL,287.200,97.100,28.0,+,4.271,18072.2,3158.6,0.101,4.130,4.423
Androstenedione,Androstenedione,Cal A_P1.mzML,2026-02-12T18:51:16Z,1,CAL,287.200,97.100,28.0,+,4.271,76007.7,11591.3,0.105,4.118,4.494
Androstenedione,Androstenedione,Cal B_P1.mzML,2026-02-12T19:04:37Z,1,CAL,287.200,97.100,28.0,+,4.271,180610.5,27349.3,0.106,4.118,4.470
Androstenedione,Androstenedione,Cal C_P1.mzML,2026-02-12T19:17:58Z,1,CAL,287.200,97.100,28.0,+,4.259,413115.8,62053.5,0.104,4.107,4.494
Androstenedione,Androstenedione,Cal D_P1.mzML,2026-02-12T19:31:19Z,1,CAL,287.200,97.100,28.0,+,4.271,1122761.9,165419.7,0.106,4.118,4.505
Androstenedione,Androstenedione,Cal E_P1.mzML,2026-02-12T19:44:43Z,1,CAL,287.200,97.100,28.0,+,4.259,3383087.8,532776.8,0.095,4.118,4.505
Androstenedione,Androstenedione,Cal F_P1.mzML,2026-02-12T19:58:04Z,1,CAL,287.200,97.100,28.0,+,4.271,8980139.0,1374522.0,0.099,4.118,4.505
Androstenedione,Androstenedione,Blank2_P1.mzML,2026-02-12T20:11:24Z,1,BLK,287.200,97.100,28.0,+,4.329,1838.2,298.6,0.387,4.148,4.535
Androstenedione,Androstenedione,QC_Low1_P1.mzML,2026-02-12T20:23:34Z,1,QC,287.200,97.100,28.0,+,4.271,347329.1,54345.2,0.098,4.118,4.505
Androstenedione,Androstenedione,QC_High1_P1.mzML,2026-02-12T20:36:55Z,1,QC,287.200,97.100,28.0,+,4.271,5568663.0,794476.0,0.111,4.118,4.505
Androstenedione,Androstenedione,Blank3_P1.mzML,2026-02-12T20:50:16Z,1,BLK,287.200,97.100,28.0,+,4.318,1118.0,299.4,0.387,4.088,4.475
Androstenedione,Androstenedione,SKML2025_6B_P1.mzML,2026-02-12T21:15:47Z,1,SPL,287.200,97.100,28.0,+,4.259,1538593.2,250840.1,0.097,4.107,4.494
Androstenedione,Androstenedione,SKML2026_1A_P1.mzML,2026-02-12T21:29:07Z,1,SPL,287.200,97.100,28.0,+,4.271,582371.2,93296.7,0.097,4.118,4.505
Androstenedione,Androstenedione,SKML2026_1Bb_P1.mzML,2026-02-12T21:55:52Z,1,SPL,287.200,97.100,28.0,+,4.271,212651.3,34765.1,0.093,4.118,4.505
Androstenedione,Androstenedione,SKML2026_2A_P1.mzML,2026-02-12T22:09:13Z,1,SPL,287.200,97.100,28.0,+,4.271,1536252.2,251668.3,0.093,4.118,4.505
Androstenedione,Androstenedione,SKML2026_2Ab_P1.mzML,2026-02-12T22:22:34Z,1,SPL,287.200,97.100,28.0,+,4.271,1499987.6,241374.5,0.096,4.118,4.505
Androstenedione,Androstenedione,SKML2026_2B_P1.mzML,2026-02-12T22:35:55Z,1,SPL,287.200,97.100,28.0,+,4.259,255671.8,40920.5,0.098,4.118,4.494
Androstenedione,Androstenedione,SKML2026_2Bb_P1.mzML,2026-02-12T22:49:15Z,1,SPL,287.200,97.100,28.0,+,4.259,252072.0,39767.2,0.098,4.118,4.494
Androstenedione 13C3,Androstenedione 13C3,Blank1_P1.mzML,2026-02-12T18:10:25Z,1,BLK,290.200,100.100,29.0,+,4.422,310.1,89.1,0.387,4.088,4.474
Androstenedione 13C3,Androstenedione 13C3,PBlank1_P1.mzML,2026-02-12T18:22:35Z,1,PBLK,290.200,100.100,29.0,+,4.258,296376.8,45621.2,0.100,4.108,4.494
Androstenedione 13C3,Androstenedione 13C3,Cal 0_P1.mzML,2026-02-12T18:37:45Z,1,CAL,290.200,100.100,29.0,+,4.258,252169.6,36547.4,0.106,4.118,4.504
Androstenedione 13C3,Androstenedione 13C3,Cal A_P1.mzML,2026-02-12T18:51:16Z,1,CAL,290.200,100.100,29.0,+,4.270,295043.3,46502.3,0.094,4.118,4.504
Androstenedione 13C3,Androstenedione 13C3,Cal B_P1.mzML,2026-02-12T19:04:37Z,1,CAL,290.200,100.100,29.0,+,4.258,277723.9,42500.4,0.104,4.106,4.493
Androstenedione 13C3,Androstenedione 13C3,Cal C_P1.mzML,2026-02-12T19:17:58Z,1,CAL,290.200,100.100,29.0,+,4.258,297085.9,45806.1,0.100,4.118,4.504
Androstenedione 13C3,Androstenedione 13C3,Cal D_P1.mzML,2026-02-12T19:31:19Z,1,CAL,290.200,100.100,29.0,+,4.258,276956.8,41310.6,0.105,4.118,4.504
Androstenedione 13C3,Androstenedione 13C3,Cal E_P1.mzML,2026-02-12T19:44:43Z,1,CAL,290.200,100.100,29.0,+,4.270,280874.5,41079.8,0.105,4.118,4.504
Androstenedione 13C3,Androstenedione 13C3,Cal F_P1.mzML,2026-02-12T19:58:04Z,1,CAL,290.200,100.100,29.0,+,4.270,259764.4,40096.0,0.100,4.118,4.504
Androstenedione 13C3,Androstenedione 13C3,Blank2_P1.mzML,2026-02-12T20:11:24Z,1,BLK,290.200,100.100,29.0,+,4.411,350.7,92.5,0.387,4.088,4.474
Androstenedione 13C3,Androstenedione 13C3,QC_Low1_P1.mzML,2026-02-12T20:23:34Z,1,QC,290.200,100.100,29.0,+,4.270,294995.8,45505.1,0.099,4.118,4.504
Androstenedione 13C3,Androstenedione 13C3,QC_High1_P1.mzML,2026-02-12T20:36:55Z,1,QC,290.200,100.100,29.0,+,4.270,271079.7,41090.6,0.101,4.118,4.504
Androstenedione 13C3,Androstenedione 13C3,Blank3_P1.mzML,2026-02-12T20:50:16Z,1,BLK,290.200,100.100,29.0,+,4.422,304.7,88.7,0.387,4.148,4.534
Androstenedione 13C3,Androstenedione 13C3,SKML2025_6B_P1.mzML,2026-02-12T21:15:47Z,1,SPL,290.200,100.100,29.0,+,4.258,234045.0,36824.6,0.096,4.106,4.493
Androstenedione 13C3,Androstenedione 13C3,SKML2026_1A_P1.mzML,2026-02-12T21:29:07Z,1,SPL,290.200,100.100,29.0,+,4.270,162656.4,25862.1,0.095,4.118,4.504
Androstenedione 13C3,Androstenedione 13C3,SKML2026_1Bb_P1.mzML,2026-02-12T21:55:52Z,1,SPL,290.200,100.100,29.0,+,4.270,168466.1,26686.0,0.094,4.118,4.504
Androstenedione 13C3,Androstenedione 13C3,SKML2026_2A_P1.mzML,2026-02-12T22:09:13Z,1,SPL,290.200,100.100,29.0,+,4.270,182235.3,28214.0,0.099,4.118,4.493
Androstenedione 13C3,Androstenedione 13C3,SKML2026_2Ab_P1.mzML,2026-02-12T22:22:34Z,1,SPL,290.200,100.100,29.0,+,4.270,189883.7,30133.2,0.095,4.118,4.504
Androstenedione 13C3,Androstenedione 13C3,SKML2026_2B_P1.mzML,2026-02-12T22:35:55Z,1,SPL,290.200,100.100,29.0,+,4.258,150135.5,24833.4,0.094,4.118,4.458
Androstenedione 13C3,Androstenedione 13C3,SKML2026_2Bb_P1.mzML,2026-02-12T22:49:15Z,1,SPL,290.200,100.100,29.0,+,4.270,197878.6,32256.7,0.097,4.118,4.469
Androstenedione 13C3 [QUAL],Androstenedione 13C3 [QUAL],Blank1_P1.mzML,2026-02-12T18:10:25Z,1,BLK,290.200,112.100,29.0,+,4.387,673.2,111.4,0.387,4.098,4.484
Androstenedione 13C3 [QUAL],Androstenedione 13C3 [QUAL],PBlank1_P1.mzML,2026-02-12T18:22:35Z,1,PBLK,290.200,112.100,29.0,+,4.258,205290.9,32706.1,0.094,4.118,4.504
Androstenedione 13C3 [QUAL],Androstenedione 13C3 [QUAL],Cal 0_P1.mzML,2026-02-12T18:37:45Z,1,CAL,290.200,112.100,29.0,+,4.270,186748.8,29865.1,0.095,4.129,4.516
Androstenedione 13C3 [QUAL],Androstenedione 13C3 [QUAL],Cal A_P1.mzML,2026-02-12T18:51:16Z,1,CAL,290.200,112.100,29.0,+,4.270,205740.3,33206.9,0.094,4.129,4.516
Androstenedione 13C3 [QUAL],Androstenedione 13C3 [QUAL],Cal B_P1.mzML,2026-02-12T19:04:37Z,1,CAL,290.200,112.100,29.0,+,4.258,188150.9,29857.4,0.097,4.118,4.504
Androstenedione 13C3 [QUAL],Androstenedione 13C3 [QUAL],Cal C_P1.mzML,2026-02-12T19:17:58Z,1,CAL,290.200,112.100,29.0,+,4.270,177225.5,27330.8,0.099,4.118,4.504
Androstenedione 13C3 [QUAL],Androstenedione 13C3 [QUAL],Cal D_P1.mzML,2026-02-12T19:31:19Z,1,CAL,290.200,112.100,29.0,+,4.258,199556.6,30662.6,0.101,4.118,4.493
Androstenedione 13C3 [QUAL],Androstenedione 13C3 [QUAL],Cal E_P1.mzML,2026-02-12T19:44:43Z,1,CAL,290.200,112.100,29.0,+,4.270,180582.1,27787.6,0.099,4.129,4.516
Androstenedione 13C3 [QUAL],Androstenedione 13C3 [QUAL],Cal F_P1.mzML,2026-02-12T19:58:04Z,1,CAL,290.200,112.100,29.0,+,4.270,187272.7,29313.1,0.097,4.129,4.516
Androstenedione 13C3 [QUAL],Androstenedione 13C3 [QUAL],Blank2_P1.mzML,2026-02-12T20:11:24Z,1,BLK,290.200,112.100,29.0,+,4.399,543.8,139.7,0.387,4.098,4.484
Androstenedione 13C3 [QUAL],Androstenedione 13C3 [QUAL],QC_Low1_P1.mzML,2026-02-12T20:23:34Z,1,QC,290.200,112.100,29.0,+,4.270,179908.0,28628.6,0.098,4.118,4.504
Androstenedione 13C3 [QUAL],Androstenedione 13C3 [QUAL],QC_High1_P1.mzML,2026-02-12T20:36:55Z,1,QC,290.200,112.100,29.0,+,4.270,194049.0,29058.9,0.103,4.129,4.516
Androstenedione 13C3 [QUAL],Androstenedione 13C3 [QUAL],Blank3_P1.mzML,2026-02-12T20:50:16Z,1,BLK,290.200,112.100,29.0,+,4.223,317.2,115.4,0.387,4.098,4.484
Androstenedione 13C3 [QUAL],Androstenedione 13C3 [QUAL],SKML2025_6B_P1.mzML,2026-02-12T21:15:47Z,1,SPL,290.200,112.100,29.0,+,4.258,129981.8,21089.0,0.094,4.118,4.504
Androstenedione 13C3 [QUAL],Androstenedione 13C3 [QUAL],SKML2026_1A_P1.mzML,2026-02-12T21:29:07Z,1,SPL,290.200,112.100,29.0,+,4.270,117276.9,19690.8,0.091,4.129,4.516
Androstenedione 13C3 [QUAL],Androstenedione 13C3 [QUAL],SKML2026_1Bb_P1.mzML,2026-02-12T21:55:52Z,1,SPL,290.200,112.100,29.0,+,4.270,101856.7,16327.0,0.094,4.129,4.516
Androstenedione 13C3 [QUAL],Androstenedione 13C3 [QUAL],SKML2026_2A_P1.mzML,2026-02-12T22:09:13Z,1,SPL,290.200,112.100,29.0,+,4.270,114736.5,18654.6,0.096,4.129,4.516
Androstenedione 13C3 [QUAL],Androstenedione 13C3 [QUAL],SKML2026_2Ab_P1.mzML,2026-02-12T22:22:34Z,1,SPL,290.200,112.100,29.0,+,4.270,103017.7,16053.0,0.097,4.118,4.504
Androstenedione 13C3 [QUAL],Androstenedione 13C3 [QUAL],SKML2026_2B_P1.mzML,2026-02-12T22:35:55Z,1,SPL,290.200,112.100,29.0,+,4.270,91380.1,14726.1,0.095,4.118,4.504
Androstenedione 13C3 [QUAL],Androstenedione 13C3 [QUAL],SKML2026_2Bb_P1.mzML,2026-02-12T22:49:15Z,1,SPL,290.200,112.100,29.0,+,4.258,105738.9,17000.4,0.096,4.118,4.504
Androstenedione [QUAL],Androstenedione [QUAL],Blank1_P1.mzML,2026-02-12T18:10:25Z,1,BLK,287.200,109.100,28.0,+,4.306,1526.3,323.9,0.387,4.148,4.535
Androstenedione [QUAL],Androstenedione [QUAL],PBlank1_P1.mzML,2026-02-12T18:22:35Z,1,PBLK,287.200,109.100,28.0,+,4.318,1293.9,360.5,0.387,4.118,4.505
Androstenedione [QUAL],Androstenedione [QUAL],Cal 0_P1.mzML,2026-02-12T18:37:45Z,1,CAL,287.200,109.100,28.0,+,4.271,16414.4,2740.2,0.103,4.165,4.505
Androstenedione [QUAL],Androstenedione [QUAL],Cal A_P1.mzML,2026-02-12T18:51:16Z,1,CAL,287.200,109.100,28.0,+,4.271,56769.4,9235.6,0.098,4.118,4.505
Androstenedione [QUAL],Androstenedione [QUAL],Cal B_P1.mzML,2026-02-12T19:04:37Z,1,CAL,287.200,109.100,28.0,+,4.271,142189.2,22935.2,0.096,4.107,4.494
Androstenedione [QUAL],Androstenedione [QUAL],Cal C_P1.mzML,2026-02-12T19:17:58Z,1,CAL,287.200,109.100,28.0,+,4.259,319188.7,46648.7,0.108,4.107,4.494
Androstenedione [QUAL],Androstenedione [QUAL],Cal D_P1.mzML,2026-02-12T19:31:19Z,1,CAL,287.200,109.100,28.0,+,4.259,865121.9,133783.8,0.099,4.118,4.505
Androstenedione [QUAL],Androstenedione [QUAL],Cal E_P1.mzML,2026-02-12T19:44:43Z,1,CAL,287.200,109.100,28.0,+,4.259,2144274.5,312094.4,0.108,4.118,4.505
Androstenedione [QUAL],Androstenedione [QUAL],Cal F_P1.mzML,2026-02-12T19:58:04Z,1,CAL,287.200,109.100,28.0,+,4.271,6088466.0,944000.0,0.099,4.118,4.505
Androstenedione [QUAL],Androstenedione [QUAL],Blank2_P1.mzML,2026-02-12T20:11:24Z,1,BLK,287.200,109.100,28.0,+,4.212,1427.1,282.1,0.387,4.088,4.475
Androstenedione [QUAL],Androstenedione [QUAL],QC_Low1_P1.mzML,2026-02-12T20:23:34Z,1,QC,287.200,109.100,28.0,+,4.271,229310.7,34824.6,0.103,4.118,4.505
Androstenedione [QUAL],Androstenedione [QUAL],QC_High1_P1.mzML,2026-02-12T20:36:55Z,1,QC,287.200,109.100,28.0,+,4.271,4236670.0,627933.6,0.105,4.118,4.505
Androstenedione [QUAL],Androstenedione [QUAL],Blank3_P1.mzML,2026-02-12T20:50:16Z,1,BLK,287.200,109.100,28.0,+,4.376,1753.6,326.6,0.387,4.148,4.535
Androstenedione [QUAL],Androstenedione [QUAL],SKML2025_6B_P1.mzML,2026-02-12T21:15:47Z,1,SPL,287.200,109.100,28.0,+,4.271,1040234.3,165971.3,0.094,4.107,4.494
Androstenedione [QUAL],Androstenedione [QUAL],SKML2026_1A_P1.mzML,2026-02-12T21:29:07Z,1,SPL,287.200,109.100,28.0,+,4.259,420033.2,67563.6,0.096,4.107,4.494
Androstenedione [QUAL],Androstenedione [QUAL],SKML2026_1Bb_P1.mzML,2026-02-12T21:55:52Z,1,SPL,287.200,109.100,28.0,+,4.271,170309.6,27048.0,0.093,4.130,4.505
Androstenedione [QUAL],Androstenedione [QUAL],SKML2026_2A_P1.mzML,2026-02-12T22:09:13Z,1,SPL,287.200,109.100,28.0,+,4.271,1285638.2,213547.9,0.090,4.118,4.505
Androstenedione [QUAL],Androstenedione [QUAL],SKML2026_2Ab_P1.mzML,2026-02-12T22:22:34Z,1,SPL,287.200,109.100,28.0,+,4.271,1198530.6,193885.8,0.093,4.118,4.505
Androstenedione [QUAL],Androstenedione [QUAL],SKML2026_2B_P1.mzML,2026-02-12T22:35:55Z,1,SPL,287.200,109.100,28.0,+,4.271,188915.5,29396.3,0.099,4.118,4.505
Androstenedione [QUAL],Androstenedione [QUAL],SKML2026_2Bb_P1.mzML,2026-02-12T22:49:15Z,1,SPL,287.200,109.100,28.0,+,4.259,206350.2,32747.4,0.095,4.107,4.494
Corticosterone,Corticosterone,Blank1_P1.mzML,2026-02-12T18:10:25Z,1,BLK,347.300,121.100,28.0,+,3.716,248.6,112.2,0.234,3.605,3.839
Corticosterone,Corticosterone,PBlank1_P1.mzML,2026-02-12T18:22:35Z,1,PBLK,347.300,121.100,28.0,+,3.716,615.6,153.3,0.234,3.585,3.819
Corticosterone,Corticosterone,Cal 0_P1.mzML,2026-02-12T18:37:45Z,1,CAL,347.300,121.100,28.0,+,3.680,1093.2,227.2,0.208,3.587,3.809
Corticosterone,Corticosterone,Cal A_P1.mzML,2026-02-12T18:51:16Z,1,CAL,347.300,121.100,28.0,+,3.692,31601.2,5035.4,0.096,3.563,3.809
Corticosterone,Corticosterone,Cal B_P1.mzML,2026-02-12T19:04:37Z,1,CAL,347.300,121.100,28.0,+,3.680,78459.3,12229.0,0.099,3.575,3.809
Corticosterone,Corticosterone,Cal C_P1.mzML,2026-02-12T19:17:58Z,1,CAL,347.300,121.100,28.0,+,3.680,263969.8,42434.2,0.095,3.575,3.809
Corticosterone,Corticosterone,Cal D_P1.mzML,2026-02-12T19:31:19Z,1,CAL,347.300,121.100,28.0,+,3.680,589058.8,87477.8,0.102,3.575,3.809
Corticosterone,Corticosterone,Cal E_P1.mzML,2026-02-12T19:44:43Z,1,CAL,347.300,121.100,28.0,+,3.680,1492262.8,238450.5,0.095,3.575,3.809
Corticosterone,Corticosterone,Cal F_P1.mzML,2026-02-12T19:58:04Z,1,CAL,347.300,121.100,28.0,+,3.680,3268052.8,490897.6,0.101,3.575,3.809
Corticosterone,Corticosterone,Blank2_P1.mzML,2026-02-12T20:11:24Z,1,BLK,347.300,121.100,28.0,+,3.669,478.8,104.2,0.234,3.605,3.839
Corticosterone,Corticosterone,QC_Low1_P1.mzML,2026-02-12T20:23:34Z,1,QC,347.300,121.100,28.0,+,3.680,152580.1,23647.9,0.099,3.575,3.809
Corticosterone,Corticosterone,QC_High1_P1.mzML,2026-02-12T20:36:55Z,1,QC,347.300,121.100,28.0,+,3.692,2730382.8,422439.5,0.101,3.575,3.809
Corticosterone,Corticosterone,Blank3_P1.mzML,2026-02-12T20:50:16Z,1,BLK,347.300,121.100,28.0,+,3.587,452.9,136.3,0.234,3.545,3.779
Corticosterone,Corticosterone,SKML2025_6B_P1.mzML,2026-02-12T21:15:47Z,1,SPL,347.300,121.100,28.0,+,3.680,280994.2,47722.2,0.092,3.563,3.762
Corticosterone,Corticosterone,SKML2026_1A_P1.mzML,2026-02-12T21:29:07Z,1,SPL,347.300,121.100,28.0,+,3.680,112984.3,18849.2,0.093,3.551,3.809
Corticosterone,Corticosterone,SKML2026_1Bb_P1.mzML,2026-02-12T21:55:52Z,1,SPL,347.300,121.100,28.0,+,3.692,120645.2,19587.0,0.099,3.528,3.821
Corticosterone,Corticosterone,SKML2026_2A_P1.mzML,2026-02-12T22:09:13Z,1,SPL,347.300,121.100,28.0,+,3.680,1072924.6,184841.6,0.098,3.563,3.751
Corticosterone,Corticosterone,SKML2026_2Ab_P1.mzML,2026-02-12T22:22:34Z,1,SPL,347.300,121.100,28.0,+,3.680,1001707.4,172679.8,0.097,3.563,3.751
Corticosterone,Corticosterone,SKML2026_2B_P1.mzML,2026-02-12T22:35:55Z,1,SPL,347.300,121.100,28.0,+,3.692,121541.9,19845.5,0.097,3.540,3.809
Corticosterone,Corticosterone,SKML2026_2Bb_P1.mzML,2026-02-12T22:49:15Z,1,SPL,347.300,121.100,28.0,+,3.680,133508.1,21121.6,0.100,3.540,3.809
Corticosterone 13C3,Corticosterone 13C3,Blank1_P1.mzML,2026-02-12T18:10:25Z,1,BLK,350.200,124.100,28.0,+,3.856,212.1,85.1,0.317,3.534,3.851
Corticosterone 13C3,Corticosterone 13C3,PBlank1_P1.mzML,2026-02-12T18:22:35Z,1,PBLK,350.200,124.100,28.0,+,3.680,102486.8,17174.0,0.094,3.504,3.821
Corticosterone 13C3,Corticosterone 13C3,Cal 0_P1.mzML,2026-02-12T18:37:45Z,1,CAL,350.200,124.100,28.0,+,3.692,94017.0,15281.5,0.097,3.539,3.821
Corticosterone 13C3,Corticosterone 13C3,Cal A_P1.mzML,2026-02-12T18:51:16Z,1,CAL,350.200,124.100,28.0,+,3.692,99444.7,15956.3,0.100,3.528,3.821
Corticosterone 13C3,Corticosterone 13C3,Cal B_P1.mzML,2026-02-12T19:04:37Z,1,CAL,350.200,124.100,28.0,+,3.680,96929.7,15791.7,0.097,3.504,3.821
Corticosterone 13C3,Corticosterone 13C3,Cal C_P1.mzML,2026-02-12T19:17:58Z,1,CAL,350.200,124.100,28.0,+,3.680,86260.3,12902.1,0.105,3.446,3.821
Corticosterone 13C3,Corticosterone 13C3,Cal D_P1.mzML,2026-02-12T19:31:19Z,1,CAL,350.200,124.100,28.0,+,3.692,94400.7,15304.6,0.097,3.528,3.821
Corticosterone 13C3,Corticosterone 13C3,Cal E_P1.mzML,2026-02-12T19:44:43Z,1,CAL,350.200,124.100,28.0,+,3.680,88182.4,14339.5,0.092,3.446,3.821
Corticosterone 13C3,Corticosterone 13C3,Cal F_P1.mzML,2026-02-12T19:58:04Z,1,CAL,350.200,124.100,28.0,+,3.680,72792.5,11227.0,0.101,3.446,3.821
Corticosterone 13C3,Corticosterone 13C3,Blank2_P1.mzML,2026-02-12T20:11:24Z,1,BLK,350.200,124.100,28.0,+,3.844,182.1,77.4,0.317,3.534,3.851
Corticosterone 13C3,Corticosterone 13C3,QC_Low1_P1.mzML,2026-02-12T20:23:34Z,1,QC,350.200,124.100,28.0,+,3.680,104327.8,17659.7,0.093,3.528,3.821
Corticosterone 13C3,Corticosterone 13C3,QC_High1_P1.mzML,2026-02-12T20:36:55Z,1,QC,350.200,124.100,28.0,+,3.680,81363.0,12664.8,0.100,3.446,3.821
Corticosterone 13C3,Corticosterone 13C3,Blank3_P1.mzML,2026-02-12T20:50:16Z,1,BLK,350.200,124.100,28.0,+,3.504,130.8,70.8,0.317,3.474,3.791
Corticosterone 13C3,Corticosterone 13C3,SKML2025_6B_P1.mzML,2026-02-12T21:15:47Z,1,SPL,350.200,124.100,28.0,+,3.680,66561.8,11237.0,0.091,3.516,3.809
Corticosterone 13C3,Corticosterone 13C3,SKML2026_1A_P1.mzML,2026-02-12T21:29:07Z,1,SPL,350.200,124.100,28.0,+,3.692,54260.4,8868.0,0.096,3.481,3.821
Corticosterone 13C3,Corticosterone 13C3,SKML2026_1Bb_P1.mzML,2026-02-12T21:55:52Z,1,SPL,350.200,124.100,28.0,+,3.680,52963.9,8661.1,0.098,3.539,3.821
Corticosterone 13C3,Corticosterone 13C3,SKML2026_2A_P1.mzML,2026-02-12T22:09:13Z,1,SPL,350.200,124.100,28.0,+,3.680,59883.4,9940.2,0.096,3.504,3.821
Corticosterone 13C3,Corticosterone 13C3,SKML2026_2Ab_P1.mzML,2026-02-12T22:22:34Z,1,SPL,350.200,124.100,28.0,+,3.680,58636.2,9728.8,0.094,3.504,3.821
Corticosterone 13C3,Corticosterone 13C3,SKML2026_2B_P1.mzML,2026-02-12T22:35:55Z,1,SPL,350.200,124.100,28.0,+,3.692,50944.8,8604.8,0.096,3.446,3.821
Corticosterone 13C3,Corticosterone 13C3,SKML2026_2Bb_P1.mzML,2026-02-12T22:49:15Z,1,SPL,350.200,124.100,28.0,+,3.680,54636.9,9441.7,0.089,3.504,3.821
Corticosterone 13C3 [QUAL],Corticosterone 13C3 [QUAL],Blank1_P1.mzML,2026-02-12T18:10:25Z,1,BLK,350.200,332.200,16.0,+,3.704,1226.3,255.8,0.317,3.509,3.816
Corticosterone 13C3 [QUAL],Corticosterone 13C3 [QUAL],PBlank1_P1.mzML,2026-02-12T18:22:35Z,1,PBLK,350.200,332.200,16.0,+,3.680,179983.6,29215.5,0.098,3.504,3.811
Corticosterone 13C3 [QUAL],Corticosterone 13C3 [QUAL],Cal 0_P1.mzML,2026-02-12T18:37:45Z,1,CAL,350.200,332.200,16.0,+,3.692,160907.7,26076.2,0.095,3.516,3.821
Corticosterone 13C3 [QUAL],Corticosterone 13C3 [QUAL],Cal A_P1.mzML,2026-02-12T18:51:16Z,1,CAL,350.200,332.200,16.0,+,3.680,150794.9,24474.5,0.097,3.469,3.821
Corticosterone 13C3 [QUAL],Corticosterone 13C3 [QUAL],Cal B_P1.mzML,2026-02-12T19:04:37Z,1,CAL,350.200,332.200,16.0,+,3.680,152081.2,24974.0,0.096,3.493,3.809
Corticosterone 13C3 [QUAL],Corticosterone 13C3 [QUAL],Cal C_P1.mzML,2026-02-12T19:17:58Z,1,CAL,350.200,332.200,16.0,+,3.680,156869.1,24311.3,0.104,3.457,3.809
Corticosterone 13C3 [QUAL],Corticosterone 13C3 [QUAL],Cal D_P1.mzML,2026-02-12T19:31:19Z,1,CAL,350.200,332.200,16.0,+,3.680,155826.6,26042.1,0.094,3.493,3.821
Corticosterone 13C3 [QUAL],Corticosterone 13C3 [QUAL],Cal E_P1.mzML,2026-02-12T19:44:43Z,1,CAL,350.200,332.200,16.0,+,3.680,151856.7,24111.9,0.102,3.457,3.821
Corticosterone 13C3 [QUAL],Corticosterone 13C3 [QUAL],Cal F_P1.mzML,2026-02-12T19:58:04Z,1,CAL,350.200,332.200,16.0,+,3.692,128089.2,19160.6,0.108,3.469,3.821
Corticosterone 13C3 [QUAL],Corticosterone 13C3 [QUAL],Blank2_P1.mzML,2026-02-12T20:11:24Z,1,BLK,350.200,332.200,16.0,+,3.774,622.6,206.1,0.317,3.544,3.851
Corticosterone 13C3 [QUAL],Corticosterone 13C3 [QUAL],QC_Low1_P1.mzML,2026-02-12T20:23:34Z,1,QC,350.200,332.200,16.0,+,3.680,151982.4,24235.5,0.102,3.493,3.821
Corticosterone 13C3 [QUAL],Corticosterone 13C3 [QUAL],QC_High1_P1.mzML,2026-02-12T20:36:55Z,1,QC,350.200,332.200,16.0,+,3.680,142209.0,21918.4,0.103,3.481,3.821
Corticosterone 13C3 [QUAL],Corticosterone 13C3 [QUAL],Blank3_P1.mzML,2026-02-12T20:50:16Z,1,BLK,350.200,332.200,16.0,+,3.680,584.7,192.4,0.305,3.524,3.831
Corticosterone 13C3 [QUAL],Corticosterone 13C3 [QUAL],SKML2025_6B_P1.mzML,2026-02-12T21:15:47Z,1,SPL,350.200,332.200,16.0,+,3.680,112248.8,18713.7,0.096,3.516,3.809
Corticosterone 13C3 [QUAL],Corticosterone 13C3 [QUAL],SKML2026_1A_P1.mzML,2026-02-12T21:29:07Z,1,SPL,350.200,332.200,16.0,+,3.680,91107.7,15292.4,0.092,3.539,3.821
Corticosterone 13C3 [QUAL],Corticosterone 13C3 [QUAL],SKML2026_1Bb_P1.mzML,2026-02-12T21:55:52Z,1,SPL,350.200,332.200,16.0,+,3.692,110993.8,18290.0,0.095,3.551,3.821
Corticosterone 13C3 [QUAL],Corticosterone 13C3 [QUAL],SKML2026_2A_P1.mzML,2026-02-12T22:09:13Z,1,SPL,350.200,332.200,16.0,+,3.680,111035.4,18381.4,0.095,3.516,3.821
Corticosterone 13C3 [QUAL],Corticosterone 13C3 [QUAL],SKML2026_2Ab_P1.mzML,2026-02-12T22:22:34Z,1,SPL,350.200,332.200,16.0,+,3.680,103486.0,17151.1,0.092,3.504,3.821
Corticosterone 13C3 [QUAL],Corticosterone 13C3 [QUAL],SKML2026_2B_P1.mzML,2026-02-12T22:35:55Z,1,SPL,350.200,332.200,16.0,+,3.680,83444.3,14195.0,0.095,3.539,3.821
Corticosterone 13C3 [QUAL],Corticosterone 13C3 [QUAL],SKML2026_2Bb_P1.mzML,2026-02-12T22:49:15Z,1,SPL,350.200,332.200,16.0,+,3.680,97739.5,16963.0,0.094,3.504,3.809
Corticosterone [QUAL],Corticosterone [QUAL],Blank1_P1.mzML,2026-02-12T18:10:25Z,1,BLK,347.300,329.300,16.0,+,3.598,1180.7,303.2,0.258,3.533,3.791
Corticosterone [QUAL],Corticosterone [QUAL],PBlank1_P1.mzML,2026-02-12T18:22:35Z,1,PBLK,347.300,329.300,16.0,+,3.657,1460.2,316.4,0.258,3.533,3.791
Corticosterone [QUAL],Corticosterone [QUAL],Cal 0_P1.mzML,2026-02-12T18:37:45Z,1,CAL,347.300,329.300,16.0,+,3.704,1790.2,473.1,0.211,3.587,3.798
Corticosterone [QUAL],Corticosterone [QUAL],Cal A_P1.mzML,2026-02-12T18:51:16Z,1,CAL,347.300,329.300,16.0,+,3.692,48918.1,7867.5,0.100,3.563,3.821
Corticosterone [QUAL],Corticosterone [QUAL],Cal B_P1.mzML,2026-02-12T19:04:37Z,1,CAL,347.300,329.300,16.0,+,3.680,120982.3,19639.4,0.094,3.551,3.809
Corticosterone [QUAL],Corticosterone [QUAL],Cal C_P1.mzML,2026-02-12T19:17:58Z,1,CAL,347.300,329.300,16.0,+,3.680,345350.0,54436.7,0.096,3.540,3.821
Corticosterone [QUAL],Corticosterone [QUAL],Cal D_P1.mzML,2026-02-12T19:31:19Z,1,CAL,347.300,329.300,16.0,+,3.680,902826.4,141663.9,0.094,3.551,3.821
Corticosterone [QUAL],Corticosterone [QUAL],Cal E_P1.mzML,2026-02-12T19:44:43Z,1,CAL,347.300,329.300,16.0,+,3.680,2230027.5,339611.7,0.098,3.563,3.821
Corticosterone [QUAL],Corticosterone [QUAL],Cal F_P1.mzML,2026-02-12T19:58:04Z,1,CAL,347.300,329.300,16.0,+,3.680,4388421.5,655386.6,0.098,3.563,3.821
Corticosterone [QUAL],Corticosterone [QUAL],Blank2_P1.mzML,2026-02-12T20:11:24Z,1,BLK,347.300,329.300,16.0,+,3.786,738.5,208.6,0.258,3.593,3.851
Corticosterone [QUAL],Corticosterone [QUAL],QC_Low1_P1.mzML,2026-02-12T20:23:34Z,1,QC,347.300,329.300,16.0,+,3.692,227438.4,36343.3,0.093,3.563,3.821
Corticosterone [QUAL],Corticosterone [QUAL],QC_High1_P1.mzML,2026-02-12T20:36:55Z,1,QC,347.300,329.300,16.0,+,3.680,3861751.2,590142.6,0.095,3.563,3.821
Corticosterone [QUAL],Corticosterone [QUAL],Blank3_P1.mzML,2026-02-12T20:50:16Z,1,BLK,347.300,329.300,16.0,+,3.809,374.6,206.8,0.258,3.593,3.851
Corticosterone [QUAL],Corticosterone [QUAL],SKML2025_6B_P1.mzML,2026-02-12T21:15:47Z,1,SPL,347.300,329.300,16.0,+,3.680,377072.6,66376.8,0.100,3.563,3.751
Corticosterone [QUAL],Corticosterone [QUAL],SKML2026_1A_P1.mzML,2026-02-12T21:29:07Z,1,SPL,347.300,329.300,16.0,+,3.680,185759.4,30469.2,0.096,3.540,3.809
Corticosterone [QUAL],Corticosterone [QUAL],SKML2026_1Bb_P1.mzML,2026-02-12T21:55:52Z,1,SPL,347.300,329.300,16.0,+,3.692,178160.0,30259.2,0.091,3.551,3.821
Corticosterone [QUAL],Corticosterone [QUAL],SKML2026_2A_P1.mzML,2026-02-12T22:09:13Z,1,SPL,347.300,329.300,16.0,+,3.692,1625226.5,224832.9,0.135,3.551,3.774
Corticosterone [QUAL],Corticosterone [QUAL],SKML2026_2Ab_P1.mzML,2026-02-12T22:22:34Z,1,SPL,347.300,329.300,16.0,+,3.821,3289392.8,372287.0,0.200,3.551,3.856
Corticosterone [QUAL],Corticosterone [QUAL],SKML2026_2B_P1.mzML,2026-02-12T22:35:55Z,1,SPL,347.300,329.300,16.0,+,3.680,212364.8,33268.0,0.101,3.528,3.821
Corticosterone [QUAL],Corticosterone [QUAL],SKML2026_2Bb_P1.mzML,2026-02-12T22:49:15Z,1,SPL,347.300,329.300,16.0,+,3.680,212445.4,33788.5,0.099,3.540,3.809
Cortisol,Cortisol,Blank1_P1.mzML,2026-02-12T18:10:25Z,1,BLK,363.200,121.100,40.0,+,2.963,459.4,129.8,0.399,2.863,3.262
Cortisol,Cortisol,PBlank1_P1.mzML,2026-02-12T18:22:35Z,1,PBLK,363.200,121.100,40.0,+,3.045,959.3,167.7,0.309,2.903,3.302
Cortisol,Cortisol,Cal 0_P1.mzML,2026-02-12T18:37:45Z,1,CAL,363.200,121.100,40.0,+,3.057,2976.9,576.6,0.113,2.893,3.209
Cortisol,Cortisol,Cal A_P1.mzML,2026-02-12T18:51:16Z,1,CAL,363.200,121.100,40.0,+,3.045,106802.7,18175.6,0.094,2.905,3.280
Cortisol,Cortisol,Cal B_P1.mzML,2026-02-12T19:04:37Z,1,CAL,363.200,121.100,40.0,+,3.045,244962.0,41014.9,0.091,2.881,3.280
Cortisol,Cortisol,Cal C_P1.mzML,2026-02-12T19:17:58Z,1,CAL,363.200,121.100,40.0,+,3.045,698245.8,115194.5,0.092,2.893,3.292
Cortisol,Cortisol,Cal D_P1.mzML,2026-02-12T19:31:19Z,1,CAL,363.200,121.100,40.0,+,3.045,1688573.8,280800.7,0.092,2.893,3.292
Cortisol,Cortisol,Cal E_P1.mzML,2026-02-12T19:44:43Z,1,CAL,363.200,121.100,40.0,+,3.034,4190414.0,694214.3,0.093,2.881,3.280
Cortisol,Cortisol,Cal F_P1.mzML,2026-02-12T19:58:04Z,1,CAL,363.200,121.100,40.0,+,3.045,9204694.0,1476124.2,0.096,2.893,3.292
Cortisol,Cortisol,Blank2_P1.mzML,2026-02-12T20:11:24Z,1,BLK,363.200,121.100,40.0,+,2.893,1031.7,192.5,0.399,2.863,3.262
Cortisol,Cortisol,QC_Low1_P1.mzML,2026-02-12T20:23:34Z,1,QC,363.200,121.100,40.0,+,3.045,434501.3,71999.0,0.092,2.893,3.292
Cortisol,Cortisol,QC_High1_P1.mzML,2026-02-12T20:36:55Z,1,QC,363.200,121.100,40.0,+,3.045,7504551.5,1132194.0,0.103,2.893,3.280
Cortisol,Cortisol,Blank3_P1.mzML,2026-02-12T20:50:16Z,1,BLK,363.200,121.100,40.0,+,2.940,916.0,201.1,0.399,2.863,3.262
Cortisol,Cortisol,SKML2025_6B_P1.mzML,2026-02-12T21:15:47Z,1,SPL,363.200,121.100,40.0,+,3.045,6013387.5,938153.8,0.096,2.881,3.280
Cortisol,Cortisol,SKML2026_1A_P1.mzML,2026-02-12T21:29:07Z,1,SPL,363.200,121.100,40.0,+,3.045,3304811.5,530934.1,0.094,2.893,3.292
Cortisol,Cortisol,SKML2026_1Bb_P1.mzML,2026-02-12T21:55:52Z,1,SPL,363.200,121.100,40.0,+,3.045,2340965.5,376222.2,0.093,2.893,3.292
Cortisol,Cortisol,SKML2026_2A_P1.mzML,2026-02-12T22:09:13Z,1,SPL,363.200,121.100,40.0,+,3.045,6256860.5,994305.2,0.097,2.893,3.292
Cortisol,Cortisol,SKML2026_2Ab_P1.mzML,2026-02-12T22:22:34Z,1,SPL,363.200,121.100,40.0,+,3.045,5390940.0,833155.8,0.098,2.893,3.292
Cortisol,Cortisol,SKML2026_2B_P1.mzML,2026-02-12T22:35:55Z,1,SPL,363.200,121.100,40.0,+,3.045,2248303.8,357255.6,0.096,2.893,3.292
Cortisol,Cortisol,SKML2026_2Bb_P1.mzML,2026-02-12T22:49:15Z,1,SPL,363.200,121.100,40.0,+,3.045,2505929.8,417444.6,0.089,2.893,3.292
Cortisol D4,Cortisol D4,Blank1_P1.mzML,2026-02-12T18:10:25Z,1,BLK,367.200,121.100,40.0,+,3.197,584.0,169.5,0.387,2.860,3.247
Cortisol D4,Cortisol D4,PBlank1_P1.mzML,2026-02-12T18:22:35Z,1,PBLK,367.200,121.100,40.0,+,3.033,222778.7,37954.1,0.091,2.880,3.267
Cortisol D4,Cortisol D4,Cal 0_P1.mzML,2026-02-12T18:37:45Z,1,CAL,367.200,121.100,40.0,+,3.033,157540.4,27266.7,0.088,2.892,3.279
Cortisol D4,Cortisol D4,Cal A_P1.mzML,2026-02-12T18:51:16Z,1,CAL,367.200,121.100,40.0,+,3.033,167372.2,27968.5,0.093,2.880,3.267
Cortisol D4,Cortisol D4,Cal B_P1.mzML,2026-02-12T19:04:37Z,1,CAL,367.200,121.100,40.0,+,3.033,133593.3,21617.6,0.096,2.880,3.267
Cortisol D4,Cortisol D4,Cal C_P1.mzML,2026-02-12T19:17:58Z,1,CAL,367.200,121.100,40.0,+,3.033,157924.9,26360.8,0.090,2.880,3.267
Cortisol D4,Cortisol D4,Cal D_P1.mzML,2026-02-12T19:31:19Z,1,CAL,367.200,121.100,40.0,+,3.044,140170.0,23003.9,0.094,2.892,3.267
Cortisol D4,Cortisol D4,Cal E_P1.mzML,2026-02-12T19:44:43Z,1,CAL,367.200,121.100,40.0,+,3.033,122131.7,19785.3,0.095,2.892,3.279
Cortisol D4,Cortisol D4,Cal F_P1.mzML,2026-02-12T19:58:04Z,1,CAL,367.200,121.100,40.0,+,3.033,98930.8,15109.8,0.097,2.892,3.244
Cortisol D4,Cortisol D4,Blank2_P1.mzML,2026-02-12T20:11:24Z,1,BLK,367.200,121.100,40.0,+,3.009,536.7,113.4,0.387,2.860,3.247
Cortisol D4,Cortisol D4,QC_Low1_P1.mzML,2026-02-12T20:23:34Z,1,QC,367.200,121.100,40.0,+,3.033,145290.8,23771.5,0.095,2.892,3.279
Cortisol D4,Cortisol D4,QC_High1_P1.mzML,2026-02-12T20:36:55Z,1,QC,367.200,121.100,40.0,+,3.033,115469.0,17995.1,0.097,2.880,3.267
Cortisol D4,Cortisol D4,Blank3_P1.mzML,2026-02-12T20:50:16Z,1,BLK,367.200,121.100,40.0,+,2.880,772.2,144.6,0.322,2.860,3.247
Cortisol D4,Cortisol D4,SKML2025_6B_P1.mzML,2026-02-12T21:15:47Z,1,SPL,367.200,121.100,40.0,+,3.033,79107.2,12691.4,0.094,2.880,3.267
Cortisol D4,Cortisol D4,SKML2026_1A_P1.mzML,2026-02-12T21:29:07Z,1,SPL,367.200,121.100,40.0,+,3.033,78681.0,13463.3,0.093,2.880,3.267
Cortisol D4,Cortisol D4,SKML2026_1Bb_P1.mzML,2026-02-12T21:55:52Z,1,SPL,367.200,121.100,40.0,+,3.033,77616.7,12881.1,0.095,2.892,3.279
Cortisol D4,Cortisol D4,SKML2026_2A_P1.mzML,2026-02-12T22:09:13Z,1,SPL,367.200,121.100,40.0,+,3.033,89522.1,14554.9,0.095,2.880,3.267
Cortisol D4,Cortisol D4,SKML2026_2Ab_P1.mzML,2026-02-12T22:22:34Z,1,SPL,367.200,121.100,40.0,+,3.033,85911.1,14033.2,0.093,2.880,3.267
Cortisol D4,Cortisol D4,SKML2026_2B_P1.mzML,2026-02-12T22:35:55Z,1,SPL,367.200,121.100,40.0,+,3.033,74892.3,11625.7,0.101,2.892,3.279
Cortisol D4,Cortisol D4,SKML2026_2Bb_P1.mzML,2026-02-12T22:49:15Z,1,SPL,367.200,121.100,40.0,+,3.033,71750.3,11613.3,0.096,2.892,3.279
Cortisol D4 [QUAL],Cortisol D4 [QUAL],Blank1_P1.mzML,2026-02-12T18:10:25Z,1,BLK,367.200,77.100,73.0,+,3.068,741.3,148.7,0.399,2.912,3.311
Cortisol D4 [QUAL],Cortisol D4 [QUAL],PBlank1_P1.mzML,2026-02-12T18:22:35Z,1,PBLK,367.200,77.100,73.0,+,3.033,78328.6,13215.8,0.090,2.892,3.291
Cortisol D4 [QUAL],Cortisol D4 [QUAL],Cal 0_P1.mzML,2026-02-12T18:37:45Z,1,CAL,367.200,77.100,73.0,+,3.033,53149.0,9472.1,0.090,2.892,3.232
Cortisol D4 [QUAL],Cortisol D4 [QUAL],Cal A_P1.mzML,2026-02-12T18:51:16Z,1,CAL,367.200,77.100,73.0,+,3.033,47174.4,7468.5,0.098,2.892,3.291
Cortisol D4 [QUAL],Cortisol D4 [QUAL],Cal B_P1.mzML,2026-02-12T19:04:37Z,1,CAL,367.200,77.100,73.0,+,3.033,47315.5,8050.9,0.091,2.880,3.279
Cortisol D4 [QUAL],Cortisol D4 [QUAL],Cal C_P1.mzML,2026-02-12T19:17:58Z,1,CAL,367.200,77.100,73.0,+,3.033,48590.2,8514.6,0.090,2.892,3.291
Cortisol D4 [QUAL],Cortisol D4 [QUAL],Cal D_P1.mzML,2026-02-12T19:31:19Z,1,CAL,367.200,77.100,73.0,+,3.033,43919.6,7134.7,0.098,2.880,3.279
Cortisol D4 [QUAL],Cortisol D4 [QUAL],Cal E_P1.mzML,2026-02-12T19:44:43Z,1,CAL,367.200,77.100,73.0,+,3.033,38071.6,6049.0,0.097,2.915,3.291
Cortisol D4 [QUAL],Cortisol D4 [QUAL],Cal F_P1.mzML,2026-02-12T19:58:04Z,1,CAL,367.200,77.100,73.0,+,3.033,32987.1,5526.6,0.094,2.892,3.244
Cortisol D4 [QUAL],Cortisol D4 [QUAL],Blank2_P1.mzML,2026-02-12T20:11:24Z,1,BLK,367.200,77.100,73.0,+,3.232,393.7,100.3,0.399,2.922,3.321
Cortisol D4 [QUAL],Cortisol D4 [QUAL],QC_Low1_P1.mzML,2026-02-12T20:23:34Z,1,QC,367.200,77.100,73.0,+,3.033,44787.7,7203.8,0.098,2.892,3.291
Cortisol D4 [QUAL],Cortisol D4 [QUAL],QC_High1_P1.mzML,2026-02-12T20:36:55Z,1,QC,367.200,77.100,73.0,+,3.033,39236.8,6258.8,0.094,2.892,3.291
Cortisol D4 [QUAL],Cortisol D4 [QUAL],Blank3_P1.mzML,2026-02-12T20:50:16Z,1,BLK,367.200,77.100,73.0,+,3.056,453.7,105.1,0.399,2.922,3.321
Cortisol D4 [QUAL],Cortisol D4 [QUAL],SKML2025_6B_P1.mzML,2026-02-12T21:15:47Z,1,SPL,367.200,77.100,73.0,+,3.033,30942.8,4884.4,0.097,2.892,3.291
Cortisol D4 [QUAL],Cortisol D4 [QUAL],SKML2026_1A_P1.mzML,2026-02-12T21:29:07Z,1,SPL,367.200,77.100,73.0,+,3.033,24429.8,4049.9,0.096,2.892,3.291
Cortisol D4 [QUAL],Cortisol D4 [QUAL],SKML2026_1Bb_P1.mzML,2026-02-12T21:55:52Z,1,SPL,367.200,77.100,73.0,+,3.033,30625.4,5066.1,0.093,2.892,3.291
Cortisol D4 [QUAL],Cortisol D4 [QUAL],SKML2026_2A_P1.mzML,2026-02-12T22:09:13Z,1,SPL,367.200,77.100,73.0,+,3.033,26615.9,4511.7,0.094,2.892,3.256
Cortisol D4 [QUAL],Cortisol D4 [QUAL],SKML2026_2Ab_P1.mzML,2026-02-12T22:22:34Z,1,SPL,367.200,77.100,73.0,+,3.033,25619.9,4568.7,0.092,2.892,3.291
Cortisol D4 [QUAL],Cortisol D4 [QUAL],SKML2026_2B_P1.mzML,2026-02-12T22:35:55Z,1,SPL,367.200,77.100,73.0,+,3.044,27486.8,4396.8,0.094,2.892,3.291
Cortisol D4 [QUAL],Cortisol D4 [QUAL],SKML2026_2Bb_P1.mzML,2026-02-12T22:49:15Z,1,SPL,367.200,77.100,73.0,+,3.033,24066.9,4061.1,0.093,2.892,3.291
Cortisol [QUAL1],Cortisol [QUAL1],Blank1_P1.mzML,2026-02-12T18:10:25Z,1,BLK,363.200,91.100,65.0,+,3.198,477.0,135.4,0.387,2.873,3.260
Cortisol [QUAL1],Cortisol [QUAL1],PBlank1_P1.mzML,2026-02-12T18:22:35Z,1,PBLK,363.200,91.100,65.0,+,3.045,995.7,177.0,0.324,2.873,3.260
Cortisol [QUAL1],Cortisol [QUAL1],Cal 0_P1.mzML,2026-02-12T18:37:45Z,1,CAL,363.200,91.100,65.0,+,3.045,2614.2,549.2,0.111,2.905,3.151
Cortisol [QUAL1],Cortisol [QUAL1],Cal A_P1.mzML,2026-02-12T18:51:16Z,1,CAL,363.200,91.100,65.0,+,3.045,41298.9,6715.9,0.095,2.893,3.280
Cortisol [QUAL1],Cortisol [QUAL1],Cal B_P1.mzML,2026-02-12T19:04:37Z,1,CAL,363.200,91.100,65.0,+,3.045,102903.9,17158.5,0.090,2.893,3.280
Cortisol [QUAL1],Cortisol [QUAL1],Cal C_P1.mzML,2026-02-12T19:17:58Z,1,CAL,363.200,91.100,65.0,+,3.045,277455.2,44370.9,0.098,2.893,3.280
Cortisol [QUAL1],Cortisol [QUAL1],Cal D_P1.mzML,2026-02-12T19:31:19Z,1,CAL,363.200,91.100,65.0,+,3.045,836934.9,140395.4,0.091,2.893,3.280
Cortisol [QUAL1],Cortisol [QUAL1],Cal E_P1.mzML,2026-02-12T19:44:43Z,1,CAL,363.200,91.100,65.0,+,3.045,1657088.5,267494.3,0.096,2.893,3.280
Cortisol [QUAL1],Cortisol [QUAL1],Cal F_P1.mzML,2026-02-12T19:58:04Z,1,CAL,363.200,91.100,65.0,+,3.057,3540286.8,531965.7,0.100,2.905,3.280
Cortisol [QUAL1],Cortisol [QUAL1],Blank2_P1.mzML,2026-02-12T20:11:24Z,1,BLK,363.200,91.100,65.0,+,3.139,548.4,134.2,0.387,2.893,3.280
Cortisol [QUAL1],Cortisol [QUAL1],QC_Low1_P1.mzML,2026-02-12T20:23:34Z,1,QC,363.200,91.100,65.0,+,3.045,195708.3,31719.5,0.096,2.893,3.280
Cortisol [QUAL1],Cortisol [QUAL1],QC_High1_P1.mzML,2026-02-12T20:36:55Z,1,QC,363.200,91.100,65.0,+,3.045,2863775.5,431943.2,0.098,2.893,3.280
Cortisol [QUAL1],Cortisol [QUAL1],Blank3_P1.mzML,2026-02-12T20:50:16Z,1,BLK,363.200,91.100,65.0,+,3.034,833.4,141.5,0.371,2.883,3.270
Cortisol [QUAL1],Cortisol [QUAL1],SKML2025_6B_P1.mzML,2026-02-12T21:15:47Z,1,SPL,363.200,91.100,65.0,+,3.045,2990900.5,460197.0,0.102,2.893,3.280
Cortisol [QUAL1],Cortisol [QUAL1],SKML2026_1A_P1.mzML,2026-02-12T21:29:07Z,1,SPL,363.200,91.100,65.0,+,3.045,1418864.5,229176.9,0.093,2.893,3.280
Cortisol [QUAL1],Cortisol [QUAL1],SKML2026_1Bb_P1.mzML,2026-02-12T21:55:52Z,1,SPL,363.200,91.100,65.0,+,3.045,1089382.4,182847.9,0.090,2.893,3.280
Cortisol [QUAL1],Cortisol [QUAL1],SKML2026_2A_P1.mzML,2026-02-12T22:09:13Z,1,SPL,363.200,91.100,65.0,+,3.045,2324347.2,374080.8,0.093,2.893,3.280
Cortisol [QUAL1],Cortisol [QUAL1],SKML2026_2Ab_P1.mzML,2026-02-12T22:22:34Z,1,SPL,363.200,91.100,65.0,+,3.045,2338633.8,361365.2,0.098,2.893,3.268
Cortisol [QUAL1],Cortisol [QUAL1],SKML2026_2B_P1.mzML,2026-02-12T22:35:55Z,1,SPL,363.200,91.100,65.0,+,3.045,1045975.7,171738.3,0.091,2.905,3.292
Cortisol [QUAL1],Cortisol [QUAL1],SKML2026_2Bb_P1.mzML,2026-02-12T22:49:15Z,1,SPL,363.200,91.100,65.0,+,3.045,1028093.3,170910.6,0.093,2.893,3.280
Cortisol [QUAL2],Cortisol [QUAL2],Blank1_P1.mzML,2026-02-12T18:10:25Z,1,BLK,363.200,97.100,28.0,+,3.245,344.3,113.7,0.387,2.923,3.310
Cortisol [QUAL2],Cortisol [QUAL2],PBlank1_P1.mzML,2026-02-12T18:22:35Z,1,PBLK,363.200,97.100,28.0,+,3.045,421.7,122.9,0.387,2.883,3.270
Cortisol [QUAL2],Cortisol [QUAL2],Cal 0_P1.mzML,2026-02-12T18:37:45Z,1,CAL,363.200,97.100,28.0,+,3.034,1532.4,297.3,0.125,2.905,3.221
Cortisol [QUAL2],Cortisol [QUAL2],Cal A_P1.mzML,2026-02-12T18:51:16Z,1,CAL,363.200,97.100,28.0,+,3.045,25808.1,4113.1,0.096,2.905,3.292
Cortisol [QUAL2],Cortisol [QUAL2],Cal B_P1.mzML,2026-02-12T19:04:37Z,1,CAL,363.200,97.100,28.0,+,3.045,67145.9,11491.8,0.090,2.893,3.280
Cortisol [QUAL2],Cortisol [QUAL2],Cal C_P1.mzML,2026-02-12T19:17:58Z,1,CAL,363.200,97.100,28.0,+,3.045,203813.1,34698.2,0.090,2.893,3.280
Cortisol [QUAL2],Cortisol [QUAL2],Cal D_P1.mzML,2026-02-12T19:31:19Z,1,CAL,363.200,97.100,28.0,+,3.045,473904.6,76214.4,0.095,2.893,3.280
Cortisol [QUAL2],Cortisol [QUAL2],Cal E_P1.mzML,2026-02-12T19:44:43Z,1,CAL,363.200,97.100,28.0,+,3.045,1125313.6,181777.2,0.093,2.893,3.280
Cortisol [QUAL2],Cortisol [QUAL2],Cal F_P1.mzML,2026-02-12T19:58:04Z,1,CAL,363.200,97.100,28.0,+,3.045,2509444.8,382789.6,0.102,2.905,3.292
Cortisol [QUAL2],Cortisol [QUAL2],Blank2_P1.mzML,2026-02-12T20:11:24Z,1,BLK,363.200,97.100,28.0,+,2.928,726.2,107.9,0.387,2.873,3.260
Cortisol [QUAL2],Cortisol [QUAL2],QC_Low1_P1.mzML,2026-02-12T20:23:34Z,1,QC,363.200,97.100,28.0,+,3.045,131240.0,22396.5,0.091,2.893,3.268
Cortisol [QUAL2],Cortisol [QUAL2],QC_High1_P1.mzML,2026-02-12T20:36:55Z,1,QC,363.200,97.100,28.0,+,3.045,1757420.5,261998.6,0.102,2.893,3.280
Cortisol [QUAL2],Cortisol [QUAL2],Blank3_P1.mzML,2026-02-12T20:50:16Z,1,BLK,363.200,97.100,28.0,+,3.092,343.6,119.5,0.387,2.923,3.310
Cortisol [QUAL2],Cortisol [QUAL2],SKML2025_6B_P1.mzML,2026-02-12T21:15:47Z,1,SPL,363.200,97.100,28.0,+,3.045,1795724.0,288422.0,0.091,2.893,3.280
Cortisol [QUAL2],Cortisol [QUAL2],SKML2026_1A_P1.mzML,2026-02-12T21:29:07Z,1,SPL,363.200,97.100,28.0,+,3.045,909936.9,149568.7,0.091,2.905,3.280
Cortisol [QUAL2],Cortisol [QUAL2],SKML2026_1Bb_P1.mzML,2026-02-12T21:55:52Z,1,SPL,363.200,97.100,28.0,+,3.045,659993.4,109745.1,0.090,2.893,3.280
Cortisol [QUAL2],Cortisol [QUAL2],SKML2026_2A_P1.mzML,2026-02-12T22:09:13Z,1,SPL,363.200,97.100,28.0,+,3.045,1475644.0,233830.8,0.094,2.905,3.292
Cortisol [QUAL2],Cortisol [QUAL2],SKML2026_2Ab_P1.mzML,2026-02-12T22:22:34Z,1,SPL,363.200,97.100,28.0,+,3.045,1529156.4,235680.3,0.097,2.905,3.292
Cortisol [QUAL2],Cortisol [QUAL2],SKML2026_2B_P1.mzML,2026-02-12T22:35:55Z,1,SPL,363.200,97.100,28.0,+,3.045,685443.2,117244.1,0.088,2.905,3.292
Cortisol [QUAL2],Cortisol [QUAL2],SKML2026_2Bb_P1.mzML,2026-02-12T22:49:15Z,1,SPL,363.200,97.100,28.0,+,3.045,676211.2,110712.1,0.090,2.893,3.280
Cortisone,Cortisone,Blank1_P1.mzML,2026-02-12T18:10:25Z,1,BLK,361.200,163.100,28.0,+,2.612,537.5,86.2,0.539,2.605,3.145
Cortisone,Cortisone,PBlank1_P1.mzML,2026-02-12T18:22:35Z,1,PBLK,361.200,163.100,28.0,+,2.764,624.6,101.9,0.539,2.605,3.145
Cortisone,Cortisone,Cal 0_P1.mzML,2026-02-12T18:37:45Z,1,CAL,361.200,163.100,28.0,+,2.776,1317.1,258.0,0.119,2.624,2.917
Cortisone,Cortisone,Cal A_P1.mzML,2026-02-12T18:51:16Z,1,CAL,361.200,163.100,28.0,+,2.776,25421.2,4398.6,0.088,2.635,3.175
Cortisone,Cortisone,Cal B_P1.mzML,2026-02-12T19:04:37Z,1,CAL,361.200,163.100,28.0,+,2.776,59799.2,10193.6,0.090,2.635,3.175
Cortisone,Cortisone,Cal C_P1.mzML,2026-02-12T19:17:58Z,1,CAL,361.200,163.100,28.0,+,2.776,188618.9,31931.5,0.090,2.635,3.175
Cortisone,Cortisone,Cal D_P1.mzML,2026-02-12T19:31:19Z,1,CAL,361.200,163.100,28.0,+,2.776,408014.7,68584.8,0.087,2.635,3.175
Cortisone,Cortisone,Cal E_P1.mzML,2026-02-12T19:44:43Z,1,CAL,361.200,163.100,28.0,+,2.776,1166166.6,201076.5,0.086,2.635,3.175
Cortisone,Cortisone,Cal F_P1.mzML,2026-02-12T19:58:04Z,1,CAL,361.200,163.100,28.0,+,2.776,2516284.0,408209.2,0.089,2.635,3.175
Cortisone,Cortisone,Blank2_P1.mzML,2026-02-12T20:11:24Z,1,BLK,361.200,163.100,28.0,+,3.116,687.3,123.2,0.539,2.605,3.145
Cortisone,Cortisone,QC_Low1_P1.mzML,2026-02-12T20:23:34Z,1,QC,361.200,163.100,28.0,+,2.764,113779.3,19276.9,0.088,2.635,3.163
Cortisone,Cortisone,QC_High1_P1.mzML,2026-02-12T20:36:55Z,1,QC,361.200,163.100,28.0,+,2.764,2142978.8,335974.1,0.094,2.624,3.163
Cortisone,Cortisone,Blank3_P1.mzML,2026-02-12T20:50:16Z,1,BLK,361.200,163.100,28.0,+,3.186,779.4,120.5,0.539,2.665,3.205
Cortisone,Cortisone,SKML2025_6B_P1.mzML,2026-02-12T21:15:47Z,1,SPL,361.200,163.100,28.0,+,2.776,899364.9,153000.3,0.087,2.635,3.175
Cortisone,Cortisone,SKML2026_1A_P1.mzML,2026-02-12T21:29:07Z,1,SPL,361.200,163.100,28.0,+,2.764,692794.1,118833.9,0.087,2.624,3.163
Cortisone,Cortisone,SKML2026_1Bb_P1.mzML,2026-02-12T21:55:52Z,1,SPL,361.200,163.100,28.0,+,2.764,578788.8,99617.8,0.086,2.635,3.175
Cortisone,Cortisone,SKML2026_2A_P1.mzML,2026-02-12T22:09:13Z,1,SPL,361.200,163.100,28.0,+,2.776,1280503.9,229944.8,0.084,2.635,3.175
Cortisone,Cortisone,SKML2026_2Ab_P1.mzML,2026-02-12T22:22:34Z,1,SPL,361.200,163.100,28.0,+,2.776,1213427.9,210638.6,0.088,2.635,3.175
Cortisone,Cortisone,SKML2026_2B_P1.mzML,2026-02-12T22:35:55Z,1,SPL,361.200,163.100,28.0,+,2.776,648077.6,110408.3,0.087,2.635,3.175
Cortisone,Cortisone,SKML2026_2Bb_P1.mzML,2026-02-12T22:49:15Z,1,SPL,361.200,163.100,28.0,+,2.776,680101.2,117731.8,0.086,2.635,3.175
Cortisone 13C3,Cortisone 13C3,Blank1_P1.mzML,2026-02-12T18:10:25Z,1,BLK,364.100,166.100,28.0,+,2.764,58.3,57.1,0.317,2.618,2.935
Cortisone 13C3,Cortisone 13C3,PBlank1_P1.mzML,2026-02-12T18:22:35Z,1,PBLK,364.100,166.100,28.0,+,2.764,71826.9,12858.9,0.087,2.613,2.930
Cortisone 13C3,Cortisone 13C3,Cal 0_P1.mzML,2026-02-12T18:37:45Z,1,CAL,364.100,166.100,28.0,+,2.775,60498.9,10950.8,0.085,2.623,3.010
Cortisone 13C3,Cortisone 13C3,Cal A_P1.mzML,2026-02-12T18:51:16Z,1,CAL,364.100,166.100,28.0,+,2.775,52027.5,9699.2,0.083,2.623,2.951
Cortisone 13C3,Cortisone 13C3,Cal B_P1.mzML,2026-02-12T19:04:37Z,1,CAL,364.100,166.100,28.0,+,2.764,42466.0,7192.1,0.092,2.611,2.986
Cortisone 13C3,Cortisone 13C3,Cal C_P1.mzML,2026-02-12T19:17:58Z,1,CAL,364.100,166.100,28.0,+,2.775,44225.2,7805.5,0.088,2.623,2.940
Cortisone 13C3,Cortisone 13C3,Cal D_P1.mzML,2026-02-12T19:31:19Z,1,CAL,364.100,166.100,28.0,+,2.775,39497.4,7066.7,0.087,2.623,2.928
Cortisone 13C3,Cortisone 13C3,Cal E_P1.mzML,2026-02-12T19:44:43Z,1,CAL,364.100,166.100,28.0,+,2.775,43203.9,7774.9,0.085,2.623,2.928
Cortisone 13C3,Cortisone 13C3,Cal F_P1.mzML,2026-02-12T19:58:04Z,1,CAL,364.100,166.100,28.0,+,2.775,39266.3,6739.7,0.094,2.623,2.916
Cortisone 13C3,Cortisone 13C3,Blank2_P1.mzML,2026-02-12T20:11:24Z,1,BLK,364.100,166.100,28.0,+,2.799,91.8,64.3,0.317,2.643,2.960
Cortisone 13C3,Cortisone 13C3,QC_Low1_P1.mzML,2026-02-12T20:23:34Z,1,QC,364.100,166.100,28.0,+,2.775,44293.5,7664.8,0.091,2.623,2.951
Cortisone 13C3,Cortisone 13C3,QC_High1_P1.mzML,2026-02-12T20:36:55Z,1,QC,364.100,166.100,28.0,+,2.764,48380.0,8068.0,0.093,2.623,2.940
Cortisone 13C3,Cortisone 13C3,Blank3_P1.mzML,2026-02-12T20:50:16Z,1,BLK,364.100,166.100,28.0,+,2.658,94.8,69.0,0.317,2.653,2.970
Cortisone 13C3,Cortisone 13C3,SKML2025_6B_P1.mzML,2026-02-12T21:15:47Z,1,SPL,364.100,166.100,28.0,+,2.764,41621.7,7574.0,0.085,2.611,2.928
Cortisone 13C3,Cortisone 13C3,SKML2026_1A_P1.mzML,2026-02-12T21:29:07Z,1,SPL,364.100,166.100,28.0,+,2.775,31324.9,5654.2,0.089,2.623,2.928
Cortisone 13C3,Cortisone 13C3,SKML2026_1Bb_P1.mzML,2026-02-12T21:55:52Z,1,SPL,364.100,166.100,28.0,+,2.764,36550.3,6737.1,0.085,2.623,2.928
Cortisone 13C3,Cortisone 13C3,SKML2026_2A_P1.mzML,2026-02-12T22:09:13Z,1,SPL,364.100,166.100,28.0,+,2.775,34239.9,6100.1,0.087,2.623,2.951
Cortisone 13C3,Cortisone 13C3,SKML2026_2Ab_P1.mzML,2026-02-12T22:22:34Z,1,SPL,364.100,166.100,28.0,+,2.775,39535.2,7403.0,0.084,2.623,2.916
Cortisone 13C3,Cortisone 13C3,SKML2026_2B_P1.mzML,2026-02-12T22:35:55Z,1,SPL,364.100,166.100,28.0,+,2.775,42077.2,7615.4,0.086,2.623,2.963
Cortisone 13C3,Cortisone 13C3,SKML2026_2Bb_P1.mzML,2026-02-12T22:49:15Z,1,SPL,364.100,166.100,28.0,+,2.775,32441.0,5918.3,0.088,2.623,2.940
Cortisone 13C3 [QUAL],Cortisone 13C3 [QUAL],Blank1_P1.mzML,2026-02-12T18:10:25Z,1,BLK,364.100,105.100,49.0,+,2.811,155.2,84.3,0.281,2.608,2.889
Cortisone 13C3 [QUAL],Cortisone 13C3 [QUAL],PBlank1_P1.mzML,2026-02-12T18:22:35Z,1,PBLK,364.100,105.100,49.0,+,2.775,10156.3,1797.0,0.097,2.603,2.884
Cortisone 13C3 [QUAL],Cortisone 13C3 [QUAL],Cal 0_P1.mzML,2026-02-12T18:37:45Z,1,CAL,364.100,105.100,49.0,+,2.775,10364.7,1873.0,0.089,2.599,3.010
Cortisone 13C3 [QUAL],Cortisone 13C3 [QUAL],Cal A_P1.mzML,2026-02-12T18:51:16Z,1,CAL,364.100,105.100,49.0,+,2.764,7971.2,1464.5,0.094,2.658,2.940
Cortisone 13C3 [QUAL],Cortisone 13C3 [QUAL],Cal B_P1.mzML,2026-02-12T19:04:37Z,1,CAL,364.100,105.100,49.0,+,2.764,6745.6,1302.0,0.091,2.611,2.881
Cortisone 13C3 [QUAL],Cortisone 13C3 [QUAL],Cal C_P1.mzML,2026-02-12T19:17:58Z,1,CAL,364.100,105.100,49.0,+,2.775,7481.1,1346.9,0.099,2.611,2.916
Cortisone 13C3 [QUAL],Cortisone 13C3 [QUAL],Cal D_P1.mzML,2026-02-12T19:31:19Z,1,CAL,364.100,105.100,49.0,+,2.775,7354.4,1390.4,0.090,2.635,2.904
Cortisone 13C3 [QUAL],Cortisone 13C3 [QUAL],Cal E_P1.mzML,2026-02-12T19:44:43Z,1,CAL,364.100,105.100,49.0,+,2.775,6855.2,1196.5,0.094,2.623,2.881
Cortisone 13C3 [QUAL],Cortisone 13C3 [QUAL],Cal F_P1.mzML,2026-02-12T19:58:04Z,1,CAL,364.100,105.100,49.0,+,2.775,6669.9,1137.4,0.099,2.623,2.904
Cortisone 13C3 [QUAL],Cortisone 13C3 [QUAL],Blank2_P1.mzML,2026-02-12T20:11:24Z,1,BLK,364.100,105.100,49.0,+,2.670,169.7,79.1,0.281,2.603,2.884
Cortisone 13C3 [QUAL],Cortisone 13C3 [QUAL],QC_Low1_P1.mzML,2026-02-12T20:23:34Z,1,QC,364.100,105.100,49.0,+,2.775,8058.7,1435.1,0.095,2.623,2.904
Cortisone 13C3 [QUAL],Cortisone 13C3 [QUAL],QC_High1_P1.mzML,2026-02-12T20:36:55Z,1,QC,364.100,105.100,49.0,+,2.764,8615.1,1516.4,0.091,2.623,2.893
Cortisone 13C3 [QUAL],Cortisone 13C3 [QUAL],Blank3_P1.mzML,2026-02-12T20:50:16Z,1,BLK,364.100,105.100,49.0,+,2.588,263.7,89.1,0.281,2.593,2.874
Cortisone 13C3 [QUAL],Cortisone 13C3 [QUAL],SKML2025_6B_P1.mzML,2026-02-12T21:15:47Z,1,SPL,364.100,105.100,49.0,+,2.764,9342.0,1696.4,0.096,2.611,2.904
Cortisone 13C3 [QUAL],Cortisone 13C3 [QUAL],SKML2026_1A_P1.mzML,2026-02-12T21:29:07Z,1,SPL,364.100,105.100,49.0,+,2.764,6017.8,1142.3,0.093,2.623,2.916
Cortisone 13C3 [QUAL],Cortisone 13C3 [QUAL],SKML2026_1Bb_P1.mzML,2026-02-12T21:55:52Z,1,SPL,364.100,105.100,49.0,+,2.764,6115.3,1182.3,0.091,2.623,2.893
Cortisone 13C3 [QUAL],Cortisone 13C3 [QUAL],SKML2026_2A_P1.mzML,2026-02-12T22:09:13Z,1,SPL,364.100,105.100,49.0,+,2.775,7639.7,1439.1,0.093,2.623,2.893
Cortisone 13C3 [QUAL],Cortisone 13C3 [QUAL],SKML2026_2Ab_P1.mzML,2026-02-12T22:22:34Z,1,SPL,364.100,105.100,49.0,+,2.764,6340.7,1230.7,0.096,2.635,2.893
Cortisone 13C3 [QUAL],Cortisone 13C3 [QUAL],SKML2026_2B_P1.mzML,2026-02-12T22:35:55Z,1,SPL,364.100,105.100,49.0,+,2.775,7518.0,1446.9,0.095,2.623,2.904
Cortisone 13C3 [QUAL],Cortisone 13C3 [QUAL],SKML2026_2Bb_P1.mzML,2026-02-12T22:49:15Z,1,SPL,364.100,105.100,49.0,+,2.764,6584.7,1217.2,0.096,2.623,2.893
Cortisone [QUAL1],Cortisone [QUAL1],Blank1_P1.mzML,2026-02-12T18:10:25Z,1,BLK,361.200,121.100,32.0,+,2.800,858.9,122.5,0.539,2.644,3.183
Cortisone [QUAL1],Cortisone [QUAL1],PBlank1_P1.mzML,2026-02-12T18:22:35Z,1,PBLK,361.200,121.100,32.0,+,2.788,631.3,100.9,0.539,2.644,3.183
Cortisone [QUAL1],Cortisone [QUAL1],Cal 0_P1.mzML,2026-02-12T18:37:45Z,1,CAL,361.200,121.100,32.0,+,2.811,1026.5,168.5,0.303,2.659,2.987
Cortisone [QUAL1],Cortisone [QUAL1],Cal A_P1.mzML,2026-02-12T18:51:16Z,1,CAL,361.200,121.100,32.0,+,2.776,9582.2,1562.5,0.097,2.635,3.151
Cortisone [QUAL1],Cortisone [QUAL1],Cal B_P1.mzML,2026-02-12T19:04:37Z,1,CAL,361.200,121.100,32.0,+,2.764,22367.6,3818.2,0.091,2.647,3.116
Cortisone [QUAL1],Cortisone [QUAL1],Cal C_P1.mzML,2026-02-12T19:17:58Z,1,CAL,361.200,121.100,32.0,+,2.776,71249.2,12086.2,0.087,2.624,3.163
Cortisone [QUAL1],Cortisone [QUAL1],Cal D_P1.mzML,2026-02-12T19:31:19Z,1,CAL,361.200,121.100,32.0,+,2.776,154821.5,26188.5,0.091,2.635,3.163
Cortisone [QUAL1],Cortisone [QUAL1],Cal E_P1.mzML,2026-02-12T19:44:43Z,1,CAL,361.200,121.100,32.0,+,2.776,379148.2,64620.1,0.086,2.624,3.163
Cortisone [QUAL1],Cortisone [QUAL1],Cal F_P1.mzML,2026-02-12T19:58:04Z,1,CAL,361.200,121.100,32.0,+,2.776,956588.7,156120.4,0.091,2.624,3.163
Cortisone [QUAL1],Cortisone [QUAL1],Blank2_P1.mzML,2026-02-12T20:11:24Z,1,BLK,361.200,121.100,32.0,+,3.081,698.8,115.3,0.539,2.594,3.133
Cortisone [QUAL1],Cortisone [QUAL1],QC_Low1_P1.mzML,2026-02-12T20:23:34Z,1,QC,361.200,121.100,32.0,+,2.776,47810.8,8323.0,0.086,2.624,3.163
Cortisone [QUAL1],Cortisone [QUAL1],QC_High1_P1.mzML,2026-02-12T20:36:55Z,1,QC,361.200,121.100,32.0,+,2.776,840811.6,137929.8,0.091,2.624,3.163
Cortisone [QUAL1],Cortisone [QUAL1],Blank3_P1.mzML,2026-02-12T20:50:16Z,1,BLK,361.200,121.100,32.0,+,3.093,628.3,119.5,0.539,2.594,3.133
Cortisone [QUAL1],Cortisone [QUAL1],SKML2025_6B_P1.mzML,2026-02-12T21:15:47Z,1,SPL,361.200,121.100,32.0,+,2.776,343086.1,57034.6,0.091,2.624,3.163
Cortisone [QUAL1],Cortisone [QUAL1],SKML2026_1A_P1.mzML,2026-02-12T21:29:07Z,1,SPL,361.200,121.100,32.0,+,2.764,254052.7,43920.2,0.086,2.624,3.163
Cortisone [QUAL1],Cortisone [QUAL1],SKML2026_1Bb_P1.mzML,2026-02-12T21:55:52Z,1,SPL,361.200,121.100,32.0,+,2.776,211431.6,35776.4,0.087,2.624,3.163
Cortisone [QUAL1],Cortisone [QUAL1],SKML2026_2A_P1.mzML,2026-02-12T22:09:13Z,1,SPL,361.200,121.100,32.0,+,2.776,420242.1,72876.4,0.088,2.624,3.140
Cortisone [QUAL1],Cortisone [QUAL1],SKML2026_2Ab_P1.mzML,2026-02-12T22:22:34Z,1,SPL,361.200,121.100,32.0,+,2.776,457332.4,81146.9,0.084,2.624,3.163
Cortisone [QUAL1],Cortisone [QUAL1],SKML2026_2B_P1.mzML,2026-02-12T22:35:55Z,1,SPL,361.200,121.100,32.0,+,2.776,270416.9,48405.3,0.084,2.624,3.163
Cortisone [QUAL1],Cortisone [QUAL1],SKML2026_2Bb_P1.mzML,2026-02-12T22:49:15Z,1,SPL,361.200,121.100,32.0,+,2.764,230664.5,37591.5,0.091,2.624,3.163
Cortisone [QUAL2],Cortisone [QUAL2],Blank1_P1.mzML,2026-02-12T18:10:25Z,1,BLK,361.200,91.100,60.0,+,3.022,846.0,166.2,0.528,2.600,3.133
Cortisone [QUAL2],Cortisone [QUAL2],PBlank1_P1.mzML,2026-02-12T18:22:35Z,1,PBLK,361.200,91.100,60.0,+,2.870,821.1,110.1,0.528,2.600,3.133
Cortisone [QUAL2],Cortisone [QUAL2],Cal 0_P1.mzML,2026-02-12T18:37:45Z,1,CAL,361.200,91.100,60.0,+,2.717,650.5,173.2,0.281,2.600,2.882
Cortisone [QUAL2],Cortisone [QUAL2],Cal A_P1.mzML,2026-02-12T18:51:16Z,1,CAL,361.200,91.100,60.0,+,2.776,6317.6,1055.9,0.099,2.624,3.163
Cortisone [QUAL2],Cortisone [QUAL2],Cal B_P1.mzML,2026-02-12T19:04:37Z,1,CAL,361.200,91.100,60.0,+,2.776,14661.7,2245.4,0.101,2.659,3.163
Cortisone [QUAL2],Cortisone [QUAL2],Cal C_P1.mzML,2026-02-12T19:17:58Z,1,CAL,361.200,91.100,60.0,+,2.764,45891.5,8100.5,0.089,2.647,3.151
Cortisone [QUAL2],Cortisone [QUAL2],Cal D_P1.mzML,2026-02-12T19:31:19Z,1,CAL,361.200,91.100,60.0,+,2.776,99587.2,16786.8,0.091,2.624,3.163
Cortisone [QUAL2],Cortisone [QUAL2],Cal E_P1.mzML,2026-02-12T19:44:43Z,1,CAL,361.200,91.100,60.0,+,2.776,233407.2,39174.2,0.091,2.647,3.163
Cortisone [QUAL2],Cortisone [QUAL2],Cal F_P1.mzML,2026-02-12T19:58:04Z,1,CAL,361.200,91.100,60.0,+,2.776,653509.2,111358.2,0.086,2.635,3.163
Cortisone [QUAL2],Cortisone [QUAL2],Blank2_P1.mzML,2026-02-12T20:11:24Z,1,BLK,361.200,91.100,60.0,+,2.717,831.5,122.0,0.528,2.600,3.133
Cortisone [QUAL2],Cortisone [QUAL2],QC_Low1_P1.mzML,2026-02-12T20:23:34Z,1,QC,361.200,91.100,60.0,+,2.764,26796.5,4387.1,0.094,2.659,3.163
Cortisone [QUAL2],Cortisone [QUAL2],QC_High1_P1.mzML,2026-02-12T20:36:55Z,1,QC,361.200,91.100,60.0,+,2.764,507825.6,83514.8,0.092,2.635,3.163
Cortisone [QUAL2],Cortisone [QUAL2],Blank3_P1.mzML,2026-02-12T20:50:16Z,1,BLK,361.200,91.100,60.0,+,3.022,862.1,155.7,0.528,2.600,3.133
Cortisone [QUAL2],Cortisone [QUAL2],SKML2025_6B_P1.mzML,2026-02-12T21:15:47Z,1,SPL,361.200,91.100,60.0,+,2.764,192805.7,32952.4,0.089,2.612,2.999
Cortisone [QUAL2],Cortisone [QUAL2],SKML2026_1A_P1.mzML,2026-02-12T21:29:07Z,1,SPL,361.200,91.100,60.0,+,2.764,168811.5,29838.6,0.084,2.612,3.151
Cortisone [QUAL2],Cortisone [QUAL2],SKML2026_1Bb_P1.mzML,2026-02-12T21:55:52Z,1,SPL,361.200,91.100,60.0,+,2.776,138488.9,24281.4,0.088,2.624,3.151
Cortisone [QUAL2],Cortisone [QUAL2],SKML2026_2A_P1.mzML,2026-02-12T22:09:13Z,1,SPL,361.200,91.100,60.0,+,2.776,255328.3,43538.4,0.091,2.624,3.163
Cortisone [QUAL2],Cortisone [QUAL2],SKML2026_2Ab_P1.mzML,2026-02-12T22:22:34Z,1,SPL,361.200,91.100,60.0,+,2.764,263517.1,46017.7,0.087,2.624,3.163
Cortisone [QUAL2],Cortisone [QUAL2],SKML2026_2B_P1.mzML,2026-02-12T22:35:55Z,1,SPL,361.200,91.100,60.0,+,2.776,151041.9,26523.3,0.085,2.624,3.163
Cortisone [QUAL2],Cortisone [QUAL2],SKML2026_2Bb_P1.mzML,2026-02-12T22:49:15Z,1,SPL,361.200,91.100,60.0,+,2.776,143813.5,24717.1,0.087,2.624,3.151
DHEA,DHEA,Blank1_P1.mzML,2026-02-12T18:10:25Z,1,BLK,271.200,253.200,16.0,+,4.916,2693.4,1515.9,0.281,4.913,5.192
DHEA,DHEA,PBlank1_P1.mzML,2026-02-12T18:22:35Z,1,PBLK,271.200,253.200,16.0,+,5.186,3494.4,1284.2,0.281,4.913,5.192
DHEA,DHEA,Cal 0_P1.mzML,2026-02-12T18:37:45Z,1,CAL,271.200,253.200,16.0,+,5.080,27719.8,4486.7,0.155,4.846,5.186
DHEA,DHEA,Cal A_P1.mzML,2026-02-12T18:51:16Z,1,CAL,271.200,253.200,16.0,+,5.069,21357.0,3520.3,0.169,4.904,5.186
DHEA,DHEA,Cal B_P1.mzML,2026-02-12T19:04:37Z,1,CAL,271.200,253.200,16.0,+,5.069,39393.1,5450.6,0.162,4.846,5.186
DHEA,DHEA,Cal C_P1.mzML,2026-02-12T19:17:58Z,1,CAL,271.200,253.200,16.0,+,5.045,49591.9,6910.2,0.146,4.893,5.174
DHEA,DHEA,Cal D_P1.mzML,2026-02-12T19:31:19Z,1,CAL,271.200,253.200,16.0,+,5.045,81165.1,11375.8,0.133,4.858,5.162
DHEA,DHEA,Cal E_P1.mzML,2026-02-12T19:44:43Z,1,CAL,271.200,253.200,16.0,+,5.045,197229.7,28350.9,0.118,4.811,5.162
DHEA,DHEA,Cal F_P1.mzML,2026-02-12T19:58:04Z,1,CAL,271.200,253.200,16.0,+,5.045,359336.9,50767.5,0.112,4.787,5.162
DHEA,DHEA,Blank2_P1.mzML,2026-02-12T20:11:24Z,1,BLK,271.200,253.200,16.0,+,4.998,1847.9,826.3,0.270,4.853,5.132
DHEA,DHEA,QC_Low1_P1.mzML,2026-02-12T20:23:34Z,1,QC,271.200,253.200,16.0,+,5.033,32795.1,4820.0,0.166,4.881,5.174
DHEA,DHEA,QC_High1_P1.mzML,2026-02-12T20:36:55Z,1,QC,271.200,253.200,16.0,+,5.033,292075.0,42396.8,0.112,4.787,5.162
DHEA,DHEA,Blank3_P1.mzML,2026-02-12T20:50:16Z,1,BLK,271.200,253.200,16.0,+,4.986,2303.6,870.5,0.270,4.853,5.132
DHEA,DHEA,SKML2025_6B_P1.mzML,2026-02-12T21:15:47Z,1,SPL,271.200,253.200,16.0,+,5.045,12117.2,1936.8,0.170,4.928,5.151
DHEA,DHEA,SKML2026_1A_P1.mzML,2026-02-12T21:29:07Z,1,SPL,271.200,253.200,16.0,+,5.045,14937.0,2349.5,0.119,4.940,5.174
DHEA,DHEA,SKML2026_1Bb_P1.mzML,2026-02-12T21:55:52Z,1,SPL,271.200,253.200,16.0,+,5.057,9794.3,1673.9,0.112,4.940,5.174
DHEA,DHEA,SKML2026_2A_P1.mzML,2026-02-12T22:09:13Z,1,SPL,271.200,253.200,16.0,+,5.045,29480.1,4911.9,0.122,4.940,5.174
DHEA,DHEA,SKML2026_2Ab_P1.mzML,2026-02-12T22:22:34Z,1,SPL,271.200,253.200,16.0,+,5.045,25777.1,4486.1,0.124,4.940,5.174
DHEA,DHEA,SKML2026_2B_P1.mzML,2026-02-12T22:35:55Z,1,SPL,271.200,253.200,16.0,+,5.045,18180.3,3509.3,0.126,4.940,5.174
DHEA,DHEA,SKML2026_2Bb_P1.mzML,2026-02-12T22:49:15Z,1,SPL,271.200,253.200,16.0,+,5.057,17344.3,3283.1,0.135,4.951,5.174
DHEA D5,DHEA D5,Blank1_P1.mzML,2026-02-12T18:10:25Z,1,BLK,276.200,258.200,16.0,+,4.845,2351.2,822.7,0.399,4.837,5.234
DHEA D5,DHEA D5,PBlank1_P1.mzML,2026-02-12T18:22:35Z,1,PBLK,276.200,258.200,16.0,+,4.998,80133.6,11744.4,0.118,4.847,5.244
DHEA D5,DHEA D5,Cal 0_P1.mzML,2026-02-12T18:37:45Z,1,CAL,276.200,258.200,16.0,+,5.010,72760.5,10853.6,0.119,4.857,5.256
DHEA D5,DHEA D5,Cal A_P1.mzML,2026-02-12T18:51:16Z,1,CAL,276.200,258.200,16.0,+,4.986,79446.9,10775.6,0.129,4.845,5.244
DHEA D5,DHEA D5,Cal B_P1.mzML,2026-02-12T19:04:37Z,1,CAL,276.200,258.200,16.0,+,4.986,77822.6,10651.3,0.124,4.845,5.244
DHEA D5,DHEA D5,Cal C_P1.mzML,2026-02-12T19:17:58Z,1,CAL,276.200,258.200,16.0,+,4.998,71151.8,9769.4,0.133,4.845,5.244
DHEA D5,DHEA D5,Cal D_P1.mzML,2026-02-12T19:31:19Z,1,CAL,276.200,258.200,16.0,+,4.998,76320.4,11086.2,0.120,4.857,5.256
DHEA D5,DHEA D5,Cal E_P1.mzML,2026-02-12T19:44:43Z,1,CAL,276.200,258.200,16.0,+,5.010,77023.4,10877.7,0.126,4.857,5.256
DHEA D5,DHEA D5,Cal F_P1.mzML,2026-02-12T19:58:04Z,1,CAL,276.200,258.200,16.0,+,4.998,83886.9,11964.8,0.114,4.857,5.256
DHEA D5,DHEA D5,Blank2_P1.mzML,2026-02-12T20:11:24Z,1,BLK,276.200,258.200,16.0,+,5.279,1481.2,617.5,0.387,4.887,5.284
DHEA D5,DHEA D5,QC_Low1_P1.mzML,2026-02-12T20:23:34Z,1,QC,276.200,258.200,16.0,+,4.986,69628.3,9910.0,0.124,4.845,5.244
DHEA D5,DHEA D5,QC_High1_P1.mzML,2026-02-12T20:36:55Z,1,QC,276.200,258.200,16.0,+,4.998,77479.5,11595.7,0.113,4.857,5.256
DHEA D5,DHEA D5,Blank3_P1.mzML,2026-02-12T20:50:16Z,1,BLK,276.200,258.200,16.0,+,5.256,3273.0,597.9,0.387,4.887,5.284
DHEA D5,DHEA D5,SKML2025_6B_P1.mzML,2026-02-12T21:15:47Z,1,SPL,276.200,258.200,16.0,+,5.021,22565.1,3817.4,0.109,4.869,5.256
DHEA D5,DHEA D5,SKML2026_1A_P1.mzML,2026-02-12T21:29:07Z,1,SPL,276.200,258.200,16.0,+,5.021,11275.1,2351.9,0.102,4.892,5.139
DHEA D5,DHEA D5,SKML2026_1Bb_P1.mzML,2026-02-12T21:55:52Z,1,SPL,276.200,258.200,16.0,+,5.021,10960.7,2219.0,0.101,4.916,5.268
DHEA D5,DHEA D5,SKML2026_2A_P1.mzML,2026-02-12T22:09:13Z,1,SPL,276.200,258.200,16.0,+,5.021,24939.6,4420.0,0.104,4.892,5.268
DHEA D5,DHEA D5,SKML2026_2Ab_P1.mzML,2026-02-12T22:22:34Z,1,SPL,276.200,258.200,16.0,+,5.021,23973.8,4043.5,0.113,4.869,5.268
DHEA D5,DHEA D5,SKML2026_2B_P1.mzML,2026-02-12T22:35:55Z,1,SPL,276.200,258.200,16.0,+,5.010,19191.2,3341.7,0.115,4.892,5.268
DHEA D5,DHEA D5,SKML2026_2Bb_P1.mzML,2026-02-12T22:49:15Z,1,SPL,276.200,258.200,16.0,+,5.010,20369.9,3928.7,0.110,4.881,5.268
DHEA D5 [QUAL],DHEA D5 [QUAL],Blank1_P1.mzML,2026-02-12T18:10:25Z,1,BLK,276.200,218.200,20.0,+,5.197,691.3,152.9,0.363,4.859,5.226
DHEA D5 [QUAL],DHEA D5 [QUAL],PBlank1_P1.mzML,2026-02-12T18:22:35Z,1,PBLK,276.200,218.200,20.0,+,4.998,12627.5,1815.6,0.126,4.859,5.226
DHEA D5 [QUAL],DHEA D5 [QUAL],Cal 0_P1.mzML,2026-02-12T18:37:45Z,1,CAL,276.200,218.200,20.0,+,5.010,10664.2,1516.8,0.125,4.857,5.186
DHEA D5 [QUAL],DHEA D5 [QUAL],Cal A_P1.mzML,2026-02-12T18:51:16Z,1,CAL,276.200,218.200,20.0,+,4.998,12924.0,2153.1,0.097,4.857,5.162
DHEA D5 [QUAL],DHEA D5 [QUAL],Cal B_P1.mzML,2026-02-12T19:04:37Z,1,CAL,276.200,218.200,20.0,+,4.998,12771.7,1722.5,0.121,4.857,5.244
DHEA D5 [QUAL],DHEA D5 [QUAL],Cal C_P1.mzML,2026-02-12T19:17:58Z,1,CAL,276.200,218.200,20.0,+,4.998,11839.8,1673.3,0.124,4.857,5.244
DHEA D5 [QUAL],DHEA D5 [QUAL],Cal D_P1.mzML,2026-02-12T19:31:19Z,1,CAL,276.200,218.200,20.0,+,4.986,12565.3,1715.6,0.134,4.857,5.244
DHEA D5 [QUAL],DHEA D5 [QUAL],Cal E_P1.mzML,2026-02-12T19:44:43Z,1,CAL,276.200,218.200,20.0,+,4.986,11068.5,1426.7,0.139,4.857,5.244
DHEA D5 [QUAL],DHEA D5 [QUAL],Cal F_P1.mzML,2026-02-12T19:58:04Z,1,CAL,276.200,218.200,20.0,+,4.998,11831.7,1698.1,0.124,4.869,5.186
DHEA D5 [QUAL],DHEA D5 [QUAL],Blank2_P1.mzML,2026-02-12T20:11:24Z,1,BLK,276.200,218.200,20.0,+,4.857,274.0,84.7,0.363,4.859,5.226
DHEA D5 [QUAL],DHEA D5 [QUAL],QC_Low1_P1.mzML,2026-02-12T20:23:34Z,1,QC,276.200,218.200,20.0,+,4.986,11957.0,1679.0,0.129,4.857,5.221
DHEA D5 [QUAL],DHEA D5 [QUAL],QC_High1_P1.mzML,2026-02-12T20:36:55Z,1,QC,276.200,218.200,20.0,+,4.998,13668.6,1958.6,0.118,4.857,5.244
DHEA D5 [QUAL],DHEA D5 [QUAL],Blank3_P1.mzML,2026-02-12T20:50:16Z,1,BLK,276.200,218.200,20.0,+,5.068,265.5,82.3,0.363,4.899,5.266
DHEA D5 [QUAL],DHEA D5 [QUAL],SKML2025_6B_P1.mzML,2026-02-12T21:15:47Z,1,SPL,276.200,218.200,20.0,+,5.021,2830.4,509.3,0.120,4.892,5.232
DHEA D5 [QUAL],DHEA D5 [QUAL],SKML2026_1A_P1.mzML,2026-02-12T21:29:07Z,1,SPL,276.200,218.200,20.0,+,5.021,1776.8,372.5,0.104,4.916,5.256
DHEA D5 [QUAL],DHEA D5 [QUAL],SKML2026_1Bb_P1.mzML,2026-02-12T21:55:52Z,1,SPL,276.200,218.200,20.0,+,5.010,2265.2,419.4,0.104,4.904,5.279
DHEA D5 [QUAL],DHEA D5 [QUAL],SKML2026_2A_P1.mzML,2026-02-12T22:09:13Z,1,SPL,276.200,218.200,20.0,+,5.010,4388.9,785.4,0.099,4.881,5.268
DHEA D5 [QUAL],DHEA D5 [QUAL],SKML2026_2Ab_P1.mzML,2026-02-12T22:22:34Z,1,SPL,276.200,218.200,20.0,+,5.010,3028.8,596.6,0.106,4.881,5.186
DHEA D5 [QUAL],DHEA D5 [QUAL],SKML2026_2B_P1.mzML,2026-02-12T22:35:55Z,1,SPL,276.200,218.200,20.0,+,5.021,3823.6,624.0,0.108,4.881,5.256
DHEA D5 [QUAL],DHEA D5 [QUAL],SKML2026_2Bb_P1.mzML,2026-02-12T22:49:15Z,1,SPL,276.200,218.200,20.0,+,5.010,3573.6,690.7,0.099,4.881,5.268
DHEA [QUAL],DHEA [QUAL],Blank1_P1.mzML,2026-02-12T18:10:25Z,1,BLK,271.200,213.200,20.0,+,4.963,383.8,204.4,0.258,4.859,5.119
DHEA [QUAL],DHEA [QUAL],PBlank1_P1.mzML,2026-02-12T18:22:35Z,1,PBLK,271.200,213.200,20.0,+,5.069,380.6,150.0,0.258,4.869,5.129
DHEA [QUAL],DHEA [QUAL],Cal 0_P1.mzML,2026-02-12T18:37:45Z,1,CAL,271.200,213.200,20.0,+,5.022,4022.4,733.6,0.124,4.869,5.127
DHEA [QUAL],DHEA [QUAL],Cal A_P1.mzML,2026-02-12T18:51:16Z,1,CAL,271.200,213.200,20.0,+,5.033,5404.5,770.2,0.159,4.858,5.127
DHEA [QUAL],DHEA [QUAL],Cal B_P1.mzML,2026-02-12T19:04:37Z,1,CAL,271.200,213.200,20.0,+,5.033,7420.5,1055.6,0.147,4.893,5.139
DHEA [QUAL],DHEA [QUAL],Cal C_P1.mzML,2026-02-12T19:17:58Z,1,CAL,271.200,213.200,20.0,+,5.022,10931.8,1651.0,0.134,4.787,5.139
DHEA [QUAL],DHEA [QUAL],Cal D_P1.mzML,2026-02-12T19:31:19Z,1,CAL,271.200,213.200,20.0,+,5.045,24650.5,3622.0,0.120,4.787,5.151
DHEA [QUAL],DHEA [QUAL],Cal E_P1.mzML,2026-02-12T19:44:43Z,1,CAL,271.200,213.200,20.0,+,5.045,56750.3,8163.2,0.108,4.787,5.151
DHEA [QUAL],DHEA [QUAL],Cal F_P1.mzML,2026-02-12T19:58:04Z,1,CAL,271.200,213.200,20.0,+,5.033,117163.3,16414.5,0.117,4.787,5.151
DHEA [QUAL],DHEA [QUAL],Blank2_P1.mzML,2026-02-12T20:11:24Z,1,BLK,271.200,213.200,20.0,+,5.092,207.7,107.7,0.258,4.919,5.179
DHEA [QUAL],DHEA [QUAL],QC_Low1_P1.mzML,2026-02-12T20:23:34Z,1,QC,271.200,213.200,20.0,+,5.033,10647.5,1631.2,0.123,4.869,5.151
DHEA [QUAL],DHEA [QUAL],QC_High1_P1.mzML,2026-02-12T20:36:55Z,1,QC,271.200,213.200,20.0,+,5.033,97260.9,14392.5,0.105,4.787,5.151
DHEA [QUAL],DHEA [QUAL],Blank3_P1.mzML,2026-02-12T20:50:16Z,1,BLK,271.200,213.200,20.0,+,5.139,345.5,139.1,0.258,4.919,5.179
DHEA [QUAL],DHEA [QUAL],SKML2025_6B_P1.mzML,2026-02-12T21:15:47Z,1,SPL,271.200,213.200,20.0,+,5.033,2428.0,383.0,0.174,4.928,5.162
DHEA [QUAL],DHEA [QUAL],SKML2026_1A_P1.mzML,2026-02-12T21:29:07Z,1,SPL,271.200,213.200,20.0,+,5.057,2154.5,408.0,0.132,4.928,5.139
DHEA [QUAL],DHEA [QUAL],SKML2026_1Bb_P1.mzML,2026-02-12T21:55:52Z,1,SPL,271.200,213.200,20.0,+,5.057,1577.1,304.0,0.177,4.928,5.162
DHEA [QUAL],DHEA [QUAL],SKML2026_2A_P1.mzML,2026-02-12T22:09:13Z,1,SPL,271.200,213.200,20.0,+,5.045,5098.0,923.7,0.131,4.928,5.151
DHEA [QUAL],DHEA [QUAL],SKML2026_2Ab_P1.mzML,2026-02-12T22:22:34Z,1,SPL,271.200,213.200,20.0,+,5.033,5401.9,1137.4,0.102,4.928,5.139
DHEA [QUAL],DHEA [QUAL],SKML2026_2B_P1.mzML,2026-02-12T22:35:55Z,1,SPL,271.200,213.200,20.0,+,5.033,2755.1,663.3,0.121,4.940,5.139
DHEA [QUAL],DHEA [QUAL],SKML2026_2Bb_P1.mzML,2026-02-12T22:49:15Z,1,SPL,271.200,213.200,20.0,+,5.045,3646.3,789.8,0.101,4.951,5.151
DHEAS,DHEAS,Blank1_P1.mzML,2026-02-12T18:10:25Z,1,BLK,367.200,97.000,48.0,-,2.714,33.1,53.6,0.387,2.578,2.957
DHEAS,DHEAS,PBlank1_P1.mzML,2026-02-12T18:22:35Z,1,PBLK,367.200,97.000,48.0,-,2.737,3193.2,663.7,0.088,2.578,2.957
DHEAS,DHEAS,Cal 0_P1.mzML,2026-02-12T18:37:45Z,1,CAL,367.200,97.000,48.0,-,2.702,4805.9,952.0,0.085,2.562,2.948
DHEAS,DHEAS,Cal A_P1.mzML,2026-02-12T18:51:16Z,1,CAL,367.200,97.000,48.0,-,2.714,95199.4,18694.6,0.081,2.573,2.948
DHEAS,DHEAS,Cal B_P1.mzML,2026-02-12T19:04:37Z,1,CAL,367.200,97.000,48.0,-,2.714,210319.0,40811.0,0.082,2.562,2.948
DHEAS,DHEAS,Cal C_P1.mzML,2026-02-12T19:17:58Z,1,CAL,367.200,97.000,48.0,-,2.714,418430.7,78586.0,0.084,2.573,2.960
DHEAS,DHEAS,Cal D_P1.mzML,2026-02-12T19:31:19Z,1,CAL,367.200,97.000,48.0,-,2.714,1491258.0,286560.8,0.082,2.562,2.948
DHEAS,DHEAS,Cal E_P1.mzML,2026-02-12T19:44:43Z,1,CAL,367.200,97.000,48.0,-,2.702,2926015.0,520592.6,0.090,2.550,2.913
DHEAS,DHEAS,Cal F_P1.mzML,2026-02-12T19:58:04Z,1,CAL,367.200,97.000,48.0,-,2.690,5826846.0,926653.2,0.098,2.550,2.901
DHEAS,DHEAS,Blank2_P1.mzML,2026-02-12T20:11:24Z,1,BLK,367.200,97.000,48.0,-,2.948,162.6,70.8,0.387,2.578,2.957
DHEAS,DHEAS,QC_Low1_P1.mzML,2026-02-12T20:23:34Z,1,QC,367.200,97.000,48.0,-,2.714,336400.5,63512.7,0.084,2.573,2.960
DHEAS,DHEAS,QC_High1_P1.mzML,2026-02-12T20:36:55Z,1,QC,367.200,97.000,48.0,-,2.690,3800981.8,640955.1,0.091,2.550,2.937
DHEAS,DHEAS,Blank3_P1.mzML,2026-02-12T20:50:16Z,1,BLK,367.200,97.000,48.0,-,2.901,246.7,71.3,0.387,2.578,2.957
DHEAS,DHEAS,SKML2025_6B_P1.mzML,2026-02-12T21:15:47Z,1,SPL,367.200,97.000,48.0,-,2.667,3630884.0,585308.7,0.099,2.526,2.866
DHEAS,DHEAS,SKML2026_1A_P1.mzML,2026-02-12T21:29:07Z,1,SPL,367.200,97.000,48.0,-,2.679,3266359.0,538642.1,0.098,2.538,2.866
DHEAS,DHEAS,SKML2026_1Bb_P1.mzML,2026-02-12T21:55:52Z,1,SPL,367.200,97.000,48.0,-,2.690,2202337.8,402289.9,0.087,2.550,2.901
DHEAS,DHEAS,SKML2026_2A_P1.mzML,2026-02-12T22:09:13Z,1,SPL,367.200,97.000,48.0,-,2.679,3933270.5,648225.9,0.093,2.538,2.925
DHEAS,DHEAS,SKML2026_2Ab_P1.mzML,2026-02-12T22:22:34Z,1,SPL,367.200,97.000,48.0,-,2.679,3150087.0,540455.8,0.090,2.538,2.901
DHEAS,DHEAS,SKML2026_2B_P1.mzML,2026-02-12T22:35:55Z,1,SPL,367.200,97.000,48.0,-,2.679,2405548.0,442756.8,0.086,2.538,2.925
DHEAS,DHEAS,SKML2026_2Bb_P1.mzML,2026-02-12T22:49:15Z,1,SPL,367.200,97.000,48.0,-,2.679,2201345.2,380336.7,0.089,2.550,2.901
DHEAS D5,DHEAS D5,Blank1_P1.mzML,2026-02-12T18:10:25Z,1,BLK,372.200,98.000,48.0,-,2.807,35.7,54.8,0.340,2.538,2.876
DHEAS D5,DHEAS D5,PBlank1_P1.mzML,2026-02-12T18:22:35Z,1,PBLK,372.200,98.000,48.0,-,2.725,181459.7,33403.9,0.085,2.568,2.906
DHEAS D5,DHEAS D5,Cal 0_P1.mzML,2026-02-12T18:37:45Z,1,CAL,372.200,98.000,48.0,-,2.702,183628.2,35403.3,0.082,2.549,2.936
DHEAS D5,DHEAS D5,Cal A_P1.mzML,2026-02-12T18:51:16Z,1,CAL,372.200,98.000,48.0,-,2.702,211270.8,41738.9,0.080,2.561,2.948
DHEAS D5,DHEAS D5,Cal B_P1.mzML,2026-02-12T19:04:37Z,1,CAL,372.200,98.000,48.0,-,2.702,162037.2,30601.1,0.084,2.561,2.948
DHEAS D5,DHEAS D5,Cal C_P1.mzML,2026-02-12T19:17:58Z,1,CAL,372.200,98.000,48.0,-,2.702,120569.2,23074.1,0.083,2.561,2.854
DHEAS D5,DHEAS D5,Cal D_P1.mzML,2026-02-12T19:31:19Z,1,CAL,372.200,98.000,48.0,-,2.702,143627.0,26910.4,0.084,2.561,2.878
DHEAS D5,DHEAS D5,Cal E_P1.mzML,2026-02-12T19:44:43Z,1,CAL,372.200,98.000,48.0,-,2.690,118165.2,22001.3,0.084,2.549,2.866
DHEAS D5,DHEAS D5,Cal F_P1.mzML,2026-02-12T19:58:04Z,1,CAL,372.200,98.000,48.0,-,2.678,88785.1,14486.8,0.096,2.538,2.889
DHEAS D5,DHEAS D5,Blank2_P1.mzML,2026-02-12T20:11:24Z,1,BLK,372.200,98.000,48.0,-,2.538,1.4,50.3,0.340,2.538,2.876
DHEAS D5,DHEAS D5,QC_Low1_P1.mzML,2026-02-12T20:23:34Z,1,QC,372.200,98.000,48.0,-,2.702,171346.1,33098.9,0.081,2.561,2.948
DHEAS D5,DHEAS D5,QC_High1_P1.mzML,2026-02-12T20:36:55Z,1,QC,372.200,98.000,48.0,-,2.690,98142.8,16981.6,0.091,2.549,2.854
DHEAS D5,DHEAS D5,Blank3_P1.mzML,2026-02-12T20:50:16Z,1,BLK,372.200,98.000,48.0,-,2.772,16.1,53.5,0.340,2.538,2.876
DHEAS D5,DHEAS D5,SKML2025_6B_P1.mzML,2026-02-12T21:15:47Z,1,SPL,372.200,98.000,48.0,-,2.655,114554.7,20108.7,0.088,2.514,2.901
DHEAS D5,DHEAS D5,SKML2026_1A_P1.mzML,2026-02-12T21:29:07Z,1,SPL,372.200,98.000,48.0,-,2.667,94868.2,17077.4,0.088,2.538,2.854
DHEAS D5,DHEAS D5,SKML2026_1Bb_P1.mzML,2026-02-12T21:55:52Z,1,SPL,372.200,98.000,48.0,-,2.678,127849.1,24456.1,0.083,2.538,2.843
DHEAS D5,DHEAS D5,SKML2026_2A_P1.mzML,2026-02-12T22:09:13Z,1,SPL,372.200,98.000,48.0,-,2.667,91111.7,15887.4,0.091,2.538,2.866
DHEAS D5,DHEAS D5,SKML2026_2Ab_P1.mzML,2026-02-12T22:22:34Z,1,SPL,372.200,98.000,48.0,-,2.667,65809.6,11820.5,0.089,2.526,2.854
DHEAS D5,DHEAS D5,SKML2026_2B_P1.mzML,2026-02-12T22:35:55Z,1,SPL,372.200,98.000,48.0,-,2.667,108765.2,19766.1,0.087,2.538,2.901
DHEAS D5,DHEAS D5,SKML2026_2Bb_P1.mzML,2026-02-12T22:49:15Z,1,SPL,372.200,98.000,48.0,-,2.667,90469.4,16855.9,0.085,2.538,2.819
DHEAS D5 [QUAL],DHEAS D5 [QUAL],Blank1_P1.mzML,2026-02-12T18:10:25Z,1,BLK,372.200,80.000,30.0,-,2.772,2.2,51.0,0.317,2.563,2.879
DHEAS D5 [QUAL],DHEAS D5 [QUAL],PBlank1_P1.mzML,2026-02-12T18:22:35Z,1,PBLK,372.200,80.000,30.0,-,2.725,1391.0,317.3,0.094,2.593,2.909
DHEAS D5 [QUAL],DHEAS D5 [QUAL],Cal 0_P1.mzML,2026-02-12T18:37:45Z,1,CAL,372.200,80.000,30.0,-,2.702,1703.5,373.9,0.089,2.561,2.948
DHEAS D5 [QUAL],DHEAS D5 [QUAL],Cal A_P1.mzML,2026-02-12T18:51:16Z,1,CAL,372.200,80.000,30.0,-,2.702,1582.7,359.0,0.090,2.573,2.843
DHEAS D5 [QUAL],DHEAS D5 [QUAL],Cal B_P1.mzML,2026-02-12T19:04:37Z,1,CAL,372.200,80.000,30.0,-,2.702,1380.0,310.1,0.093,2.561,2.948
DHEAS D5 [QUAL],DHEAS D5 [QUAL],Cal C_P1.mzML,2026-02-12T19:17:58Z,1,CAL,372.200,80.000,30.0,-,2.702,1030.3,237.6,0.106,2.608,2.878
DHEAS D5 [QUAL],DHEAS D5 [QUAL],Cal D_P1.mzML,2026-02-12T19:31:19Z,1,CAL,372.200,80.000,30.0,-,2.702,1204.5,276.6,0.100,2.596,2.936
DHEAS D5 [QUAL],DHEAS D5 [QUAL],Cal E_P1.mzML,2026-02-12T19:44:43Z,1,CAL,372.200,80.000,30.0,-,2.690,1013.6,239.3,0.100,2.585,2.866
DHEAS D5 [QUAL],DHEAS D5 [QUAL],Cal F_P1.mzML,2026-02-12T19:58:04Z,1,CAL,372.200,80.000,30.0,-,2.678,842.7,188.7,0.128,2.538,2.889
DHEAS D5 [QUAL],DHEAS D5 [QUAL],Blank2_P1.mzML,2026-02-12T20:11:24Z,1,BLK,372.200,80.000,30.0,-,2.749,25.3,53.5,0.317,2.563,2.879
DHEAS D5 [QUAL],DHEAS D5 [QUAL],QC_Low1_P1.mzML,2026-02-12T20:23:34Z,1,QC,372.200,80.000,30.0,-,2.702,1369.6,317.8,0.093,2.608,2.948
DHEAS D5 [QUAL],DHEAS D5 [QUAL],QC_High1_P1.mzML,2026-02-12T20:36:55Z,1,QC,372.200,80.000,30.0,-,2.690,1039.8,219.8,0.122,2.573,2.889
DHEAS D5 [QUAL],DHEAS D5 [QUAL],Blank3_P1.mzML,2026-02-12T20:50:16Z,1,BLK,372.200,80.000,30.0,-,2.784,2.3,50.8,0.317,2.563,2.879
DHEAS D5 [QUAL],DHEAS D5 [QUAL],SKML2025_6B_P1.mzML,2026-02-12T21:15:47Z,1,SPL,372.200,80.000,30.0,-,2.655,870.4,206.3,0.105,2.538,2.901
DHEAS D5 [QUAL],DHEAS D5 [QUAL],SKML2026_1A_P1.mzML,2026-02-12T21:29:07Z,1,SPL,372.200,80.000,30.0,-,2.655,788.5,196.1,0.107,2.549,2.819
DHEAS D5 [QUAL],DHEAS D5 [QUAL],SKML2026_1Bb_P1.mzML,2026-02-12T21:55:52Z,1,SPL,372.200,80.000,30.0,-,2.678,813.9,216.5,0.092,2.573,2.784
DHEAS D5 [QUAL],DHEAS D5 [QUAL],SKML2026_2A_P1.mzML,2026-02-12T22:09:13Z,1,SPL,372.200,80.000,30.0,-,2.667,604.0,146.4,0.125,2.538,2.889
DHEAS D5 [QUAL],DHEAS D5 [QUAL],SKML2026_2Ab_P1.mzML,2026-02-12T22:22:34Z,1,SPL,372.200,80.000,30.0,-,2.655,512.6,134.0,0.153,2.538,2.831
DHEAS D5 [QUAL],DHEAS D5 [QUAL],SKML2026_2B_P1.mzML,2026-02-12T22:35:55Z,1,SPL,372.200,80.000,30.0,-,2.667,1176.0,273.8,0.100,2.561,2.807
DHEAS D5 [QUAL],DHEAS D5 [QUAL],SKML2026_2Bb_P1.mzML,2026-02-12T22:49:15Z,1,SPL,372.200,80.000,30.0,-,2.667,688.1,173.2,0.117,2.526,2.819
DHEAS [QUAL],DHEAS [QUAL],Blank1_P1.mzML,2026-02-12T18:10:25Z,1,BLK,367.200,80.000,69.0,-,2.901,26.9,54.0,0.352,2.580,2.933
DHEAS [QUAL],DHEAS [QUAL],PBlank1_P1.mzML,2026-02-12T18:22:35Z,1,PBLK,367.200,80.000,69.0,-,2.737,411.2,123.8,0.144,2.580,2.933
DHEAS [QUAL],DHEAS [QUAL],Cal 0_P1.mzML,2026-02-12T18:37:45Z,1,CAL,367.200,80.000,69.0,-,2.702,1057.3,258.8,0.099,2.608,2.925
DHEAS [QUAL],DHEAS [QUAL],Cal A_P1.mzML,2026-02-12T18:51:16Z,1,CAL,367.200,80.000,69.0,-,2.714,12436.4,2460.9,0.082,2.597,2.937
DHEAS [QUAL],DHEAS [QUAL],Cal B_P1.mzML,2026-02-12T19:04:37Z,1,CAL,367.200,80.000,69.0,-,2.714,21602.3,4204.4,0.083,2.597,2.866
DHEAS [QUAL],DHEAS [QUAL],Cal C_P1.mzML,2026-02-12T19:17:58Z,1,CAL,367.200,80.000,69.0,-,2.714,69878.3,13972.4,0.080,2.573,2.855
DHEAS [QUAL],DHEAS [QUAL],Cal D_P1.mzML,2026-02-12T19:31:19Z,1,CAL,367.200,80.000,69.0,-,2.714,168249.4,30838.3,0.084,2.562,2.948
DHEAS [QUAL],DHEAS [QUAL],Cal E_P1.mzML,2026-02-12T19:44:43Z,1,CAL,367.200,80.000,69.0,-,2.702,399892.7,71081.1,0.087,2.562,2.913
DHEAS [QUAL],DHEAS [QUAL],Cal F_P1.mzML,2026-02-12T19:58:04Z,1,CAL,367.200,80.000,69.0,-,2.679,724751.3,103021.2,0.110,2.550,2.937
DHEAS [QUAL],DHEAS [QUAL],Blank2_P1.mzML,2026-02-12T20:11:24Z,1,BLK,367.200,80.000,69.0,-,2.901,18.4,54.1,0.352,2.550,2.903
DHEAS [QUAL],DHEAS [QUAL],QC_Low1_P1.mzML,2026-02-12T20:23:34Z,1,QC,367.200,80.000,69.0,-,2.714,44632.4,8614.3,0.083,2.573,2.960
DHEAS [QUAL],DHEAS [QUAL],QC_High1_P1.mzML,2026-02-12T20:36:55Z,1,QC,367.200,80.000,69.0,-,2.702,582230.5,101762.9,0.086,2.550,2.901
DHEAS [QUAL],DHEAS [QUAL],Blank3_P1.mzML,2026-02-12T20:50:16Z,1,BLK,367.200,80.000,69.0,-,2.749,31.7,56.5,0.352,2.580,2.933
DHEAS [QUAL],DHEAS [QUAL],SKML2025_6B_P1.mzML,2026-02-12T21:15:47Z,1,SPL,367.200,80.000,69.0,-,2.667,563092.8,94087.7,0.094,2.526,2.913
DHEAS [QUAL],DHEAS [QUAL],SKML2026_1A_P1.mzML,2026-02-12T21:29:07Z,1,SPL,367.200,80.000,69.0,-,2.679,474324.3,80763.0,0.089,2.538,2.925
DHEAS [QUAL],DHEAS [QUAL],SKML2026_1Bb_P1.mzML,2026-02-12T21:55:52Z,1,SPL,367.200,80.000,69.0,-,2.679,240118.9,41872.3,0.091,2.550,2.925
DHEAS [QUAL],DHEAS [QUAL],SKML2026_2A_P1.mzML,2026-02-12T22:09:13Z,1,SPL,367.200,80.000,69.0,-,2.690,496793.1,83748.4,0.094,2.550,2.878
DHEAS [QUAL],DHEAS [QUAL],SKML2026_2Ab_P1.mzML,2026-02-12T22:22:34Z,1,SPL,367.200,80.000,69.0,-,2.679,451387.7,80246.7,0.089,2.538,2.866
DHEAS [QUAL],DHEAS [QUAL],SKML2026_2B_P1.mzML,2026-02-12T22:35:55Z,1,SPL,367.200,80.000,69.0,-,2.679,257973.2,45922.7,0.088,2.538,2.843
DHEAS [QUAL],DHEAS [QUAL],SKML2026_2Bb_P1.mzML,2026-02-12T22:49:15Z,1,SPL,367.200,80.000,69.0,-,2.679,291551.7,52186.4,0.086,2.550,2.937
Dexamethasone,Dexamethasone,Blank1_P1.mzML,2026-02-12T18:10:25Z,1,BLK,393.200,373.200,4.0,+,3.783,160.5,66.4,0.446,3.542,3.984
Dexamethasone,Dexamethasone,PBlank1_P1.mzML,2026-02-12T18:22:35Z,1,PBLK,393.200,373.200,4.0,+,3.947,225.8,70.4,0.446,3.517,3.959
Dexamethasone,Dexamethasone,Cal 0_P1.mzML,2026-02-12T18:37:45Z,1,CAL,393.200,373.200,4.0,+,3.912,322.7,80.1,0.387,3.630,4.017
Dexamethasone,Dexamethasone,Cal A_P1.mzML,2026-02-12T18:51:16Z,1,CAL,393.200,373.200,4.0,+,3.724,36534.9,5798.1,0.095,3.525,3.994
Dexamethasone,Dexamethasone,Cal B_P1.mzML,2026-02-12T19:04:37Z,1,CAL,393.200,373.200,4.0,+,3.712,90264.8,13478.1,0.099,3.501,3.982
Dexamethasone,Dexamethasone,Cal C_P1.mzML,2026-02-12T19:17:58Z,1,CAL,393.200,373.200,4.0,+,3.712,261312.6,39452.4,0.100,3.501,3.982
Dexamethasone,Dexamethasone,Cal D_P1.mzML,2026-02-12T19:31:19Z,1,CAL,393.200,373.200,4.0,+,3.712,615587.9,91340.9,0.103,3.525,3.994
Dexamethasone,Dexamethasone,Cal E_P1.mzML,2026-02-12T19:44:43Z,1,CAL,393.200,373.200,4.0,+,3.724,1713615.8,250585.5,0.102,3.525,3.994
Dexamethasone,Dexamethasone,Cal F_P1.mzML,2026-02-12T19:58:04Z,1,CAL,393.200,373.200,4.0,+,3.724,3122018.2,440184.7,0.108,3.513,3.994
Dexamethasone,Dexamethasone,Blank2_P1.mzML,2026-02-12T20:11:24Z,1,BLK,393.200,373.200,4.0,+,3.888,333.8,78.3,0.446,3.517,3.959
Dexamethasone,Dexamethasone,QC_Low1_P1.mzML,2026-02-12T20:23:34Z,1,QC,393.200,373.200,4.0,+,3.724,168391.2,25627.4,0.099,3.513,3.994
Dexamethasone,Dexamethasone,QC_High1_P1.mzML,2026-02-12T20:36:55Z,1,QC,393.200,373.200,4.0,+,3.712,2812218.0,410016.2,0.103,3.513,3.994
Dexamethasone,Dexamethasone,Blank3_P1.mzML,2026-02-12T20:50:16Z,1,BLK,393.200,373.200,4.0,+,3.572,288.5,76.4,0.446,3.577,4.019
Dexamethasone,Dexamethasone,SKML2025_6B_P1.mzML,2026-02-12T21:15:47Z,1,SPL,393.200,373.200,4.0,+,3.712,3245.0,584.0,0.090,3.537,3.982
Dexamethasone,Dexamethasone,SKML2026_1A_P1.mzML,2026-02-12T21:29:07Z,1,SPL,393.200,373.200,4.0,+,3.642,204.4,72.2,0.375,3.572,3.947
Dexamethasone,Dexamethasone,SKML2026_1Bb_P1.mzML,2026-02-12T21:55:52Z,1,SPL,393.200,373.200,4.0,+,3.712,230.2,79.7,0.434,3.525,3.959
Dexamethasone,Dexamethasone,SKML2026_2A_P1.mzML,2026-02-12T22:09:13Z,1,SPL,393.200,373.200,4.0,+,3.759,233.4,82.5,0.363,3.642,4.006
Dexamethasone,Dexamethasone,SKML2026_2Ab_P1.mzML,2026-02-12T22:22:34Z,1,SPL,393.200,373.200,4.0,+,3.783,63.3,66.2,0.129,3.712,3.841
Dexamethasone,Dexamethasone,SKML2026_2B_P1.mzML,2026-02-12T22:35:55Z,1,SPL,393.200,373.200,4.0,+,3.677,230.1,78.4,0.352,3.525,3.877
Dexamethasone,Dexamethasone,SKML2026_2Bb_P1.mzML,2026-02-12T22:49:15Z,1,SPL,393.200,373.200,4.0,+,3.654,146.4,65.6,0.352,3.478,3.830
Dexamethasone D5,Dexamethasone D5,Blank1_P1.mzML,2026-02-12T18:10:25Z,1,BLK,398.100,378.200,4.0,+,3.888,208.4,75.0,0.387,3.506,3.893
Dexamethasone D5,Dexamethasone D5,PBlank1_P1.mzML,2026-02-12T18:22:35Z,1,PBLK,398.100,378.200,4.0,+,3.677,376689.8,61601.2,0.093,3.526,3.913
Dexamethasone D5,Dexamethasone D5,Cal 0_P1.mzML,2026-02-12T18:37:45Z,1,CAL,398.100,378.200,4.0,+,3.689,380589.1,63059.4,0.090,3.536,3.911
Dexamethasone D5,Dexamethasone D5,Cal A_P1.mzML,2026-02-12T18:51:16Z,1,CAL,398.100,378.200,4.0,+,3.689,315791.5,48948.6,0.098,3.536,3.923
Dexamethasone D5,Dexamethasone D5,Cal B_P1.mzML,2026-02-12T19:04:37Z,1,CAL,398.100,378.200,4.0,+,3.677,272063.4,43356.1,0.095,3.525,3.888
Dexamethasone D5,Dexamethasone D5,Cal C_P1.mzML,2026-02-12T19:17:58Z,1,CAL,398.100,378.200,4.0,+,3.677,246908.3,37411.7,0.101,3.536,3.900
Dexamethasone D5,Dexamethasone D5,Cal D_P1.mzML,2026-02-12T19:31:19Z,1,CAL,398.100,378.200,4.0,+,3.677,276337.9,42028.7,0.103,3.536,3.923
Dexamethasone D5,Dexamethasone D5,Cal E_P1.mzML,2026-02-12T19:44:43Z,1,CAL,398.100,378.200,4.0,+,3.677,267194.7,40603.4,0.098,3.536,3.923
Dexamethasone D5,Dexamethasone D5,Cal F_P1.mzML,2026-02-12T19:58:04Z,1,CAL,398.100,378.200,4.0,+,3.677,190142.8,27199.9,0.106,3.536,3.923
Dexamethasone D5,Dexamethasone D5,Blank2_P1.mzML,2026-02-12T20:11:24Z,1,BLK,398.100,378.200,4.0,+,3.783,429.3,94.9,0.387,3.566,3.953
Dexamethasone D5,Dexamethasone D5,QC_Low1_P1.mzML,2026-02-12T20:23:34Z,1,QC,398.100,378.200,4.0,+,3.677,275474.9,41639.0,0.103,3.536,3.911
Dexamethasone D5,Dexamethasone D5,QC_High1_P1.mzML,2026-02-12T20:36:55Z,1,QC,398.100,378.200,4.0,+,3.677,247748.0,36693.9,0.101,3.536,3.923
Dexamethasone D5,Dexamethasone D5,Blank3_P1.mzML,2026-02-12T20:50:16Z,1,BLK,398.100,378.200,4.0,+,3.818,348.3,91.1,0.387,3.566,3.953
Dexamethasone D5,Dexamethasone D5,SKML2025_6B_P1.mzML,2026-02-12T21:15:47Z,1,SPL,398.100,378.200,4.0,+,3.677,266147.0,45425.7,0.089,3.525,3.865
Dexamethasone D5,Dexamethasone D5,SKML2026_1A_P1.mzML,2026-02-12T21:29:07Z,1,SPL,398.100,378.200,4.0,+,3.689,274827.6,44225.4,0.094,3.536,3.923
Dexamethasone D5,Dexamethasone D5,SKML2026_1Bb_P1.mzML,2026-02-12T21:55:52Z,1,SPL,398.100,378.200,4.0,+,3.689,251972.5,39697.4,0.098,3.536,3.923
Dexamethasone D5,Dexamethasone D5,SKML2026_2A_P1.mzML,2026-02-12T22:09:13Z,1,SPL,398.100,378.200,4.0,+,3.677,257417.8,41508.1,0.094,3.536,3.923
Dexamethasone D5,Dexamethasone D5,SKML2026_2Ab_P1.mzML,2026-02-12T22:22:34Z,1,SPL,398.100,378.200,4.0,+,3.677,258466.0,41564.6,0.097,3.536,3.923
Dexamethasone D5,Dexamethasone D5,SKML2026_2B_P1.mzML,2026-02-12T22:35:55Z,1,SPL,398.100,378.200,4.0,+,3.677,250875.3,40142.9,0.095,3.536,3.923
Dexamethasone D5,Dexamethasone D5,SKML2026_2Bb_P1.mzML,2026-02-12T22:49:15Z,1,SPL,398.100,378.200,4.0,+,3.677,251581.5,40612.7,0.093,3.536,3.923
Dexamethasone D5 [QUAL],Dexamethasone D5 [QUAL],Blank1_P1.mzML,2026-02-12T18:10:25Z,1,BLK,398.100,360.200,12.0,+,3.841,66.9,58.5,0.399,3.536,3.935
Dexamethasone D5 [QUAL],Dexamethasone D5 [QUAL],PBlank1_P1.mzML,2026-02-12T18:22:35Z,1,PBLK,398.100,360.200,12.0,+,3.677,188385.4,30765.4,0.094,3.536,3.935
Dexamethasone D5 [QUAL],Dexamethasone D5 [QUAL],Cal 0_P1.mzML,2026-02-12T18:37:45Z,1,CAL,398.100,360.200,12.0,+,3.689,183248.4,29164.3,0.096,3.536,3.935
Dexamethasone D5 [QUAL],Dexamethasone D5 [QUAL],Cal A_P1.mzML,2026-02-12T18:51:16Z,1,CAL,398.100,360.200,12.0,+,3.677,149009.1,23366.2,0.097,3.536,3.935
Dexamethasone D5 [QUAL],Dexamethasone D5 [QUAL],Cal B_P1.mzML,2026-02-12T19:04:37Z,1,CAL,398.100,360.200,12.0,+,3.677,152111.8,24671.1,0.092,3.536,3.935
Dexamethasone D5 [QUAL],Dexamethasone D5 [QUAL],Cal C_P1.mzML,2026-02-12T19:17:58Z,1,CAL,398.100,360.200,12.0,+,3.689,130275.4,19339.2,0.104,3.536,3.935
Dexamethasone D5 [QUAL],Dexamethasone D5 [QUAL],Cal D_P1.mzML,2026-02-12T19:31:19Z,1,CAL,398.100,360.200,12.0,+,3.677,138888.7,21873.6,0.096,3.536,3.935
Dexamethasone D5 [QUAL],Dexamethasone D5 [QUAL],Cal E_P1.mzML,2026-02-12T19:44:43Z,1,CAL,398.100,360.200,12.0,+,3.689,114512.6,17321.5,0.100,3.536,3.935
Dexamethasone D5 [QUAL],Dexamethasone D5 [QUAL],Cal F_P1.mzML,2026-02-12T19:58:04Z,1,CAL,398.100,360.200,12.0,+,3.677,105030.9,15331.9,0.102,3.536,3.935
Dexamethasone D5 [QUAL],Dexamethasone D5 [QUAL],Blank2_P1.mzML,2026-02-12T20:11:24Z,1,BLK,398.100,360.200,12.0,+,3.865,69.7,58.6,0.399,3.506,3.905
Dexamethasone D5 [QUAL],Dexamethasone D5 [QUAL],QC_Low1_P1.mzML,2026-02-12T20:23:34Z,1,QC,398.100,360.200,12.0,+,3.677,137853.2,21649.6,0.095,3.536,3.935
Dexamethasone D5 [QUAL],Dexamethasone D5 [QUAL],QC_High1_P1.mzML,2026-02-12T20:36:55Z,1,QC,398.100,360.200,12.0,+,3.677,128153.3,18355.1,0.106,3.536,3.935
Dexamethasone D5 [QUAL],Dexamethasone D5 [QUAL],Blank3_P1.mzML,2026-02-12T20:50:16Z,1,BLK,398.100,360.200,12.0,+,3.642,144.7,68.2,0.399,3.506,3.905
Dexamethasone D5 [QUAL],Dexamethasone D5 [QUAL],SKML2025_6B_P1.mzML,2026-02-12T21:15:47Z,1,SPL,398.100,360.200,12.0,+,3.677,136618.2,23336.5,0.089,3.536,3.935
Dexamethasone D5 [QUAL],Dexamethasone D5 [QUAL],SKML2026_1A_P1.mzML,2026-02-12T21:29:07Z,1,SPL,398.100,360.200,12.0,+,3.689,123651.0,19869.7,0.094,3.536,3.935
Dexamethasone D5 [QUAL],Dexamethasone D5 [QUAL],SKML2026_1Bb_P1.mzML,2026-02-12T21:55:52Z,1,SPL,398.100,360.200,12.0,+,3.689,121092.7,19790.6,0.091,3.536,3.935
Dexamethasone D5 [QUAL],Dexamethasone D5 [QUAL],SKML2026_2A_P1.mzML,2026-02-12T22:09:13Z,1,SPL,398.100,360.200,12.0,+,3.677,128484.0,20561.2,0.096,3.536,3.935
Dexamethasone D5 [QUAL],Dexamethasone D5 [QUAL],SKML2026_2Ab_P1.mzML,2026-02-12T22:22:34Z,1,SPL,398.100,360.200,12.0,+,3.677,120206.8,18806.0,0.099,3.536,3.935
Dexamethasone D5 [QUAL],Dexamethasone D5 [QUAL],SKML2026_2B_P1.mzML,2026-02-12T22:35:55Z,1,SPL,398.100,360.200,12.0,+,3.689,112312.7,17721.8,0.096,3.536,3.935
Dexamethasone D5 [QUAL],Dexamethasone D5 [QUAL],SKML2026_2Bb_P1.mzML,2026-02-12T22:49:15Z,1,SPL,398.100,360.200,12.0,+,3.677,127301.6,20373.4,0.093,3.536,3.935
Dexamethasone [QUAL],Dexamethasone [QUAL],Blank1_P1.mzML,2026-02-12T18:10:25Z,1,BLK,393.200,355.100,12.0,+,3.677,238.7,69.9,0.434,3.515,3.947
Dexamethasone [QUAL],Dexamethasone [QUAL],PBlank1_P1.mzML,2026-02-12T18:22:35Z,1,PBLK,393.200,355.100,12.0,+,3.548,183.3,72.7,0.434,3.515,3.947
Dexamethasone [QUAL],Dexamethasone [QUAL],Cal 0_P1.mzML,2026-02-12T18:37:45Z,1,CAL,393.200,355.100,12.0,+,3.748,165.7,69.8,0.258,3.560,3.818
Dexamethasone [QUAL],Dexamethasone [QUAL],Cal A_P1.mzML,2026-02-12T18:51:16Z,1,CAL,393.200,355.100,12.0,+,3.724,18909.2,3004.8,0.099,3.525,3.982
Dexamethasone [QUAL],Dexamethasone [QUAL],Cal B_P1.mzML,2026-02-12T19:04:37Z,1,CAL,393.200,355.100,12.0,+,3.712,43744.3,6710.5,0.097,3.525,3.970
Dexamethasone [QUAL],Dexamethasone [QUAL],Cal C_P1.mzML,2026-02-12T19:17:58Z,1,CAL,393.200,355.100,12.0,+,3.712,128061.2,20130.8,0.096,3.548,3.970
Dexamethasone [QUAL],Dexamethasone [QUAL],Cal D_P1.mzML,2026-02-12T19:31:19Z,1,CAL,393.200,355.100,12.0,+,3.712,313701.0,47739.1,0.097,3.513,3.982
Dexamethasone [QUAL],Dexamethasone [QUAL],Cal E_P1.mzML,2026-02-12T19:44:43Z,1,CAL,393.200,355.100,12.0,+,3.712,748703.9,113304.9,0.100,3.525,3.982
Dexamethasone [QUAL],Dexamethasone [QUAL],Cal F_P1.mzML,2026-02-12T19:58:04Z,1,CAL,393.200,355.100,12.0,+,3.724,1540195.5,217642.7,0.107,3.525,3.982
Dexamethasone [QUAL],Dexamethasone [QUAL],Blank2_P1.mzML,2026-02-12T20:11:24Z,1,BLK,393.200,355.100,12.0,+,3.748,202.3,71.5,0.434,3.575,4.007
Dexamethasone [QUAL],Dexamethasone [QUAL],QC_Low1_P1.mzML,2026-02-12T20:23:34Z,1,QC,393.200,355.100,12.0,+,3.712,85967.4,13293.9,0.101,3.548,3.970
Dexamethasone [QUAL],Dexamethasone [QUAL],QC_High1_P1.mzML,2026-02-12T20:36:55Z,1,QC,393.200,355.100,12.0,+,3.712,1406714.0,209237.9,0.100,3.501,3.982
Dexamethasone [QUAL],Dexamethasone [QUAL],Blank3_P1.mzML,2026-02-12T20:50:16Z,1,BLK,393.200,355.100,12.0,+,3.947,264.7,85.2,0.434,3.575,4.007
Dexamethasone [QUAL],Dexamethasone [QUAL],SKML2025_6B_P1.mzML,2026-02-12T21:15:47Z,1,SPL,393.200,355.100,12.0,+,3.701,1304.3,205.0,0.197,3.525,3.900
Dexamethasone [QUAL],Dexamethasone [QUAL],SKML2026_1A_P1.mzML,2026-02-12T21:29:07Z,1,SPL,393.200,355.100,12.0,+,3.677,140.9,65.9,0.375,3.572,3.947
Dexamethasone [QUAL],Dexamethasone [QUAL],SKML2026_1Bb_P1.mzML,2026-02-12T21:55:52Z,1,SPL,393.200,355.100,12.0,+,3.666,352.6,81.7,0.352,3.595,3.947
Dexamethasone [QUAL],Dexamethasone [QUAL],SKML2026_2A_P1.mzML,2026-02-12T22:09:13Z,1,SPL,393.200,355.100,12.0,+,3.759,289.6,78.8,0.375,3.560,3.935
Dexamethasone [QUAL],Dexamethasone [QUAL],SKML2026_2Ab_P1.mzML,2026-02-12T22:22:34Z,1,SPL,393.200,355.100,12.0,+,3.701,215.8,80.5,0.258,3.513,3.771
Dexamethasone [QUAL],Dexamethasone [QUAL],SKML2026_2B_P1.mzML,2026-02-12T22:35:55Z,1,SPL,393.200,355.100,12.0,+,3.712,145.2,64.1,0.317,3.572,3.888
Dexamethasone [QUAL],Dexamethasone [QUAL],SKML2026_2Bb_P1.mzML,2026-02-12T22:49:15Z,1,SPL,393.200,355.100,12.0,+,3.748,434.7,82.8,0.434,3.513,3.947
Dihydrotestosterone,Dihydrotestosterone,Blank1_P1.mzML,2026-02-12T18:10:25Z,1,BLK,291.100,255.300,14.0,+,6.239,1073.2,264.0,0.469,6.000,6.477
Dihydrotestosterone,Dihydrotestosterone,PBlank1_P1.mzML,2026-02-12T18:22:35Z,1,PBLK,291.100,255.300,14.0,+,6.450,1251.6,251.2,0.481,5.985,6.462
Dihydrotestosterone,Dihydrotestosterone,Cal 0_P1.mzML,2026-02-12T18:37:45Z,1,CAL,291.100,255.300,14.0,+,6.040,1424.7,357.0,0.434,5.970,6.403
Dihydrotestosterone,Dihydrotestosterone,Cal A_P1.mzML,2026-02-12T18:51:16Z,1,CAL,291.100,255.300,14.0,+,6.169,4283.1,686.5,0.304,6.063,6.509
Dihydrotestosterone,Dihydrotestosterone,Cal B_P1.mzML,2026-02-12T19:04:37Z,1,CAL,291.100,255.300,14.0,+,6.192,8449.3,1019.5,0.207,6.016,6.497
Dihydrotestosterone,Dihydrotestosterone,Cal C_P1.mzML,2026-02-12T19:17:58Z,1,CAL,291.100,255.300,14.0,+,6.192,14841.3,1455.2,0.207,5.993,6.450
Dihydrotestosterone,Dihydrotestosterone,Cal D_P1.mzML,2026-02-12T19:31:19Z,1,CAL,291.100,255.300,14.0,+,6.181,22013.1,2675.5,0.145,5.981,6.485
Dihydrotestosterone,Dihydrotestosterone,Cal E_P1.mzML,2026-02-12T19:44:43Z,1,CAL,291.100,255.300,14.0,+,6.204,37470.6,4841.8,0.129,6.017,6.509
Dihydrotestosterone,Dihydrotestosterone,Cal F_P1.mzML,2026-02-12T19:58:04Z,1,CAL,291.100,255.300,14.0,+,6.192,55681.3,6278.1,0.146,5.993,6.497
Dihydrotestosterone,Dihydrotestosterone,Blank2_P1.mzML,2026-02-12T20:11:24Z,1,BLK,291.100,255.300,14.0,+,6.274,1149.0,243.5,0.481,5.985,6.462
Dihydrotestosterone,Dihydrotestosterone,QC_Low1_P1.mzML,2026-02-12T20:23:34Z,1,QC,291.100,255.300,14.0,+,6.216,11531.4,1435.3,0.159,6.005,6.462
Dihydrotestosterone,Dihydrotestosterone,QC_High1_P1.mzML,2026-02-12T20:36:55Z,1,QC,291.100,255.300,14.0,+,6.216,46650.6,5347.8,0.150,6.016,6.509
Dihydrotestosterone,Dihydrotestosterone,Blank3_P1.mzML,2026-02-12T20:50:16Z,1,BLK,291.100,255.300,14.0,+,6.063,883.6,218.6,0.481,5.985,6.462
Dihydrotestosterone,Dihydrotestosterone,SKML2025_6B_P1.mzML,2026-02-12T21:15:47Z,1,SPL,291.100,255.300,14.0,+,6.192,1847.0,411.8,0.363,6.040,6.403
Dihydrotestosterone,Dihydrotestosterone,SKML2026_1A_P1.mzML,2026-02-12T21:29:07Z,1,SPL,291.100,255.300,14.0,+,6.204,5299.1,765.7,0.181,6.052,6.368
Dihydrotestosterone,Dihydrotestosterone,SKML2026_1Bb_P1.mzML,2026-02-12T21:55:52Z,1,SPL,291.100,255.300,14.0,+,6.192,4997.0,845.5,0.168,6.028,6.509
Dihydrotestosterone,Dihydrotestosterone,SKML2026_2A_P1.mzML,2026-02-12T22:09:13Z,1,SPL,291.100,255.300,14.0,+,6.216,9087.0,1142.9,0.179,6.040,6.485
Dihydrotestosterone,Dihydrotestosterone,SKML2026_2Ab_P1.mzML,2026-02-12T22:22:34Z,1,SPL,291.100,255.300,14.0,+,6.192,11444.1,1698.8,0.131,5.993,6.485
Dihydrotestosterone,Dihydrotestosterone,SKML2026_2B_P1.mzML,2026-02-12T22:35:55Z,1,SPL,291.100,255.300,14.0,+,6.181,10077.8,1498.9,0.139,6.005,6.450
Dihydrotestosterone,Dihydrotestosterone,SKML2026_2Bb_P1.mzML,2026-02-12T22:49:15Z,1,SPL,291.100,255.300,14.0,+,6.204,8571.7,1342.4,0.137,6.005,6.485
Dihydrotestosterone D3,Dihydrotestosterone D3,Blank1_P1.mzML,2026-02-12T18:10:25Z,1,BLK,294.300,258.200,14.0,+,5.981,1535.7,224.4,0.516,5.860,6.374
Dihydrotestosterone D3,Dihydrotestosterone D3,PBlank1_P1.mzML,2026-02-12T18:22:35Z,1,PBLK,294.300,258.200,14.0,+,6.145,29409.1,3321.2,0.143,5.845,6.359
Dihydrotestosterone D3,Dihydrotestosterone D3,Cal 0_P1.mzML,2026-02-12T18:37:45Z,1,CAL,294.300,258.200,14.0,+,6.157,26032.7,3169.8,0.142,5.864,6.379
Dihydrotestosterone D3,Dihydrotestosterone D3,Cal A_P1.mzML,2026-02-12T18:51:16Z,1,CAL,294.300,258.200,14.0,+,6.157,28952.7,3323.9,0.151,5.910,6.403
Dihydrotestosterone D3,Dihydrotestosterone D3,Cal B_P1.mzML,2026-02-12T19:04:37Z,1,CAL,294.300,258.200,14.0,+,6.121,25753.0,3069.4,0.156,5.852,6.344
Dihydrotestosterone D3,Dihydrotestosterone D3,Cal C_P1.mzML,2026-02-12T19:17:58Z,1,CAL,294.300,258.200,14.0,+,6.133,29208.6,3539.0,0.143,5.887,6.379
Dihydrotestosterone D3,Dihydrotestosterone D3,Cal D_P1.mzML,2026-02-12T19:31:19Z,1,CAL,294.300,258.200,14.0,+,6.145,27924.5,3096.6,0.153,5.852,6.391
Dihydrotestosterone D3,Dihydrotestosterone D3,Cal E_P1.mzML,2026-02-12T19:44:43Z,1,CAL,294.300,258.200,14.0,+,6.145,29488.9,3326.5,0.151,5.875,6.415
Dihydrotestosterone D3,Dihydrotestosterone D3,Cal F_P1.mzML,2026-02-12T19:58:04Z,1,CAL,294.300,258.200,14.0,+,6.157,29908.7,3612.2,0.132,5.864,6.391
Dihydrotestosterone D3,Dihydrotestosterone D3,Blank2_P1.mzML,2026-02-12T20:11:24Z,1,BLK,294.300,258.200,14.0,+,5.981,1401.4,208.9,0.504,5.835,6.349
Dihydrotestosterone D3,Dihydrotestosterone D3,QC_Low1_P1.mzML,2026-02-12T20:23:34Z,1,QC,294.300,258.200,14.0,+,6.145,24965.1,2722.2,0.155,5.852,6.391
Dihydrotestosterone D3,Dihydrotestosterone D3,QC_High1_P1.mzML,2026-02-12T20:36:55Z,1,QC,294.300,258.200,14.0,+,6.168,23704.4,2764.7,0.158,5.875,6.344
Dihydrotestosterone D3,Dihydrotestosterone D3,Blank3_P1.mzML,2026-02-12T20:50:16Z,1,BLK,294.300,258.200,14.0,+,6.121,1316.9,193.6,0.504,5.835,6.349
Dihydrotestosterone D3,Dihydrotestosterone D3,SKML2025_6B_P1.mzML,2026-02-12T21:15:47Z,1,SPL,294.300,258.200,14.0,+,6.157,22429.0,2611.9,0.148,5.864,6.368
Dihydrotestosterone D3,Dihydrotestosterone D3,SKML2026_1A_P1.mzML,2026-02-12T21:29:07Z,1,SPL,294.300,258.200,14.0,+,6.157,20567.6,2773.9,0.126,5.864,6.379
Dihydrotestosterone D3,Dihydrotestosterone D3,SKML2026_1Bb_P1.mzML,2026-02-12T21:55:52Z,1,SPL,294.300,258.200,14.0,+,6.168,18084.3,2206.9,0.150,5.875,6.368
Dihydrotestosterone D3,Dihydrotestosterone D3,SKML2026_2A_P1.mzML,2026-02-12T22:09:13Z,1,SPL,294.300,258.200,14.0,+,6.168,18957.0,2324.1,0.138,5.852,6.344
Dihydrotestosterone D3,Dihydrotestosterone D3,SKML2026_2Ab_P1.mzML,2026-02-12T22:22:34Z,1,SPL,294.300,258.200,14.0,+,6.168,19158.2,2345.0,0.140,5.864,6.403
Dihydrotestosterone D3,Dihydrotestosterone D3,SKML2026_2B_P1.mzML,2026-02-12T22:35:55Z,1,SPL,294.300,258.200,14.0,+,6.145,18588.0,2176.7,0.136,5.852,6.379
Dihydrotestosterone D3,Dihydrotestosterone D3,SKML2026_2Bb_P1.mzML,2026-02-12T22:49:15Z,1,SPL,294.300,258.200,14.0,+,6.145,22224.3,2494.6,0.152,5.875,6.344
Dihydrotestosterone D3 [QUAL],Dihydrotestosterone D3 [QUAL],Blank1_P1.mzML,2026-02-12T18:10:25Z,1,BLK,294.300,91.100,58.0,+,,,,,,
Dihydrotestosterone D3 [QUAL],Dihydrotestosterone D3 [QUAL],PBlank1_P1.mzML,2026-02-12T18:22:35Z,1,PBLK,294.300,91.100,58.0,+,,,,,,
Dihydrotestosterone D3 [QUAL],Dihydrotestosterone D3 [QUAL],Cal 0_P1.mzML,2026-02-12T18:37:45Z,1,CAL,294.300,91.100,58.0,+,,,,,,
Dihydrotestosterone D3 [QUAL],Dihydrotestosterone D3 [QUAL],Cal A_P1.mzML,2026-02-12T18:51:16Z,1,CAL,294.300,91.100,58.0,+,,,,,,
Dihydrotestosterone D3 [QUAL],Dihydrotestosterone D3 [QUAL],Cal B_P1.mzML,2026-02-12T19:04:37Z,1,CAL,294.300,91.100,58.0,+,,,,,,
Dihydrotestosterone D3 [QUAL],Dihydrotestosterone D3 [QUAL],Cal C_P1.mzML,2026-02-12T19:17:58Z,1,CAL,294.300,91.100,58.0,+,,,,,,
Dihydrotestosterone D3 [QUAL],Dihydrotestosterone D3 [QUAL],Cal D_P1.mzML,2026-02-12T19:31:19Z,1,CAL,294.300,91.100,58.0,+,,,,,,
Dihydrotestosterone D3 [QUAL],Dihydrotestosterone D3 [QUAL],Cal E_P1.mzML,2026-02-12T19:44:43Z,1,CAL,294.300,91.100,58.0,+,,,,,,
Dihydrotestosterone D3 [QUAL],Dihydrotestosterone D3 [QUAL],Cal F_P1.mzML,2026-02-12T19:58:04Z,1,CAL,294.300,91.100,58.0,+,,,,,,
Dihydrotestosterone D3 [QUAL],Dihydrotestosterone D3 [QUAL],Blank2_P1.mzML,2026-02-12T20:11:24Z,1,BLK,294.300,91.100,58.0,+,,,,,,
Dihydrotestosterone D3 [QUAL],Dihydrotestosterone D3 [QUAL],QC_Low1_P1.mzML,2026-02-12T20:23:34Z,1,QC,294.300,91.100,58.0,+,,,,,,
Dihydrotestosterone D3 [QUAL],Dihydrotestosterone D3 [QUAL],QC_High1_P1.mzML,2026-02-12T20:36:55Z,1,QC,294.300,91.100,58.0,+,,,,,,
Dihydrotestosterone D3 [QUAL],Dihydrotestosterone D3 [QUAL],Blank3_P1.mzML,2026-02-12T20:50:16Z,1,BLK,294.300,91.100,58.0,+,,,,,,
Dihydrotestosterone D3 [QUAL],Dihydrotestosterone D3 [QUAL],SKML2025_6B_P1.mzML,2026-02-12T21:15:47Z,1,SPL,294.300,91.100,58.0,+,,,,,,
Dihydrotestosterone D3 [QUAL],Dihydrotestosterone D3 [QUAL],SKML2026_1A_P1.mzML,2026-02-12T21:29:07Z,1,SPL,294.300,91.100,58.0,+,,,,,,
Dihydrotestosterone D3 [QUAL],Dihydrotestosterone D3 [QUAL],SKML2026_1Bb_P1.mzML,2026-02-12T21:55:52Z,1,SPL,294.300,91.100,58.0,+,,,,,,
Dihydrotestosterone D3 [QUAL],Dihydrotestosterone D3 [QUAL],SKML2026_2A_P1.mzML,2026-02-12T22:09:13Z,1,SPL,294.300,91.100,58.0,+,,,,,,
Dihydrotestosterone D3 [QUAL],Dihydrotestosterone D3 [QUAL],SKML2026_2Ab_P1.mzML,2026-02-12T22:22:34Z,1,SPL,294.300,91.100,58.0,+,,,,,,
Dihydrotestosterone D3 [QUAL],Dihydrotestosterone D3 [QUAL],SKML2026_2B_P1.mzML,2026-02-12T22:35:55Z,1,SPL,294.300,91.100,58.0,+,,,,,,
Dihydrotestosterone D3 [QUAL],Dihydrotestosterone D3 [QUAL],SKML2026_2Bb_P1.mzML,2026-02-12T22:49:15Z,1,SPL,294.300,91.100,58.0,+,,,,,,
Dihydrotestosterone [QUAL1],Dihydrotestosterone [QUAL1],Blank1_P1.mzML,2026-02-12T18:10:25Z,1,BLK,291.100,105.000,50.0,+,6.427,206648.3,10082.7,0.492,5.963,6.447
Dihydrotestosterone [QUAL1],Dihydrotestosterone [QUAL1],PBlank1_P1.mzML,2026-02-12T18:22:35Z,1,PBLK,291.100,105.000,50.0,+,6.263,4559.9,438.5,0.481,5.958,6.442
Dihydrotestosterone [QUAL1],Dihydrotestosterone [QUAL1],Cal 0_P1.mzML,2026-02-12T18:37:45Z,1,CAL,291.100,105.000,50.0,+,6.192,10463.3,663.4,0.563,5.958,6.521
Dihydrotestosterone [QUAL1],Dihydrotestosterone [QUAL1],Cal A_P1.mzML,2026-02-12T18:51:16Z,1,CAL,291.100,105.000,50.0,+,6.169,10185.6,763.4,0.457,5.993,6.462
Dihydrotestosterone [QUAL1],Dihydrotestosterone [QUAL1],Cal B_P1.mzML,2026-02-12T19:04:37Z,1,CAL,291.100,105.000,50.0,+,6.145,10248.9,879.6,0.419,6.016,6.521
Dihydrotestosterone [QUAL1],Dihydrotestosterone [QUAL1],Cal C_P1.mzML,2026-02-12T19:17:58Z,1,CAL,291.100,105.000,50.0,+,6.204,10861.0,792.9,0.466,5.958,6.556
Dihydrotestosterone [QUAL1],Dihydrotestosterone [QUAL1],Cal D_P1.mzML,2026-02-12T19:31:19Z,1,CAL,291.100,105.000,50.0,+,6.181,11097.2,1188.1,0.201,6.005,6.532
Dihydrotestosterone [QUAL1],Dihydrotestosterone [QUAL1],Cal E_P1.mzML,2026-02-12T19:44:43Z,1,CAL,291.100,105.000,50.0,+,6.204,18120.3,1390.9,0.198,5.970,6.579
Dihydrotestosterone [QUAL1],Dihydrotestosterone [QUAL1],Cal F_P1.mzML,2026-02-12T19:58:04Z,1,CAL,291.100,105.000,50.0,+,6.192,17498.4,1540.3,0.200,5.993,6.556
Dihydrotestosterone [QUAL1],Dihydrotestosterone [QUAL1],Blank2_P1.mzML,2026-02-12T20:11:24Z,1,BLK,291.100,105.000,50.0,+,5.958,1476.7,346.5,0.481,5.958,6.442
Dihydrotestosterone [QUAL1],Dihydrotestosterone [QUAL1],QC_Low1_P1.mzML,2026-02-12T20:23:34Z,1,QC,291.100,105.000,50.0,+,6.192,10828.3,757.9,0.434,5.946,6.450
Dihydrotestosterone [QUAL1],Dihydrotestosterone [QUAL1],QC_High1_P1.mzML,2026-02-12T20:36:55Z,1,QC,291.100,105.000,50.0,+,6.192,17210.6,1370.1,0.223,6.040,6.568
Dihydrotestosterone [QUAL1],Dihydrotestosterone [QUAL1],Blank3_P1.mzML,2026-02-12T20:50:16Z,1,BLK,291.100,105.000,50.0,+,6.216,1727.4,311.5,0.481,6.018,6.502
Dihydrotestosterone [QUAL1],Dihydrotestosterone [QUAL1],SKML2025_6B_P1.mzML,2026-02-12T21:15:47Z,1,SPL,291.100,105.000,50.0,+,6.169,6861.4,689.9,0.410,6.005,6.415
Dihydrotestosterone [QUAL1],Dihydrotestosterone [QUAL1],SKML2026_1A_P1.mzML,2026-02-12T21:29:07Z,1,SPL,291.100,105.000,50.0,+,6.122,12779.7,809.6,0.644,5.899,6.544
Dihydrotestosterone [QUAL1],Dihydrotestosterone [QUAL1],SKML2026_1Bb_P1.mzML,2026-02-12T21:55:52Z,1,SPL,291.100,105.000,50.0,+,6.192,7818.5,720.6,0.410,5.934,6.345
Dihydrotestosterone [QUAL1],Dihydrotestosterone [QUAL1],SKML2026_2A_P1.mzML,2026-02-12T22:09:13Z,1,SPL,291.100,105.000,50.0,+,6.122,8565.1,704.3,0.410,5.923,6.333
Dihydrotestosterone [QUAL1],Dihydrotestosterone [QUAL1],SKML2026_2Ab_P1.mzML,2026-02-12T22:22:34Z,1,SPL,291.100,105.000,50.0,+,6.263,4626.6,626.6,0.258,6.087,6.345
Dihydrotestosterone [QUAL1],Dihydrotestosterone [QUAL1],SKML2026_2B_P1.mzML,2026-02-12T22:35:55Z,1,SPL,291.100,105.000,50.0,+,6.075,11218.5,766.4,0.445,5.934,6.380
Dihydrotestosterone [QUAL1],Dihydrotestosterone [QUAL1],SKML2026_2Bb_P1.mzML,2026-02-12T22:49:15Z,1,SPL,291.100,105.000,50.0,+,6.192,9394.6,862.5,0.445,6.099,6.568
Dihydrotestosterone [QUAL2],Dihydrotestosterone [QUAL2],Blank1_P1.mzML,2026-02-12T18:10:25Z,1,BLK,291.100,91.100,58.0,+,6.380,68550.0,26415.4,0.410,6.068,6.475
Dihydrotestosterone [QUAL2],Dihydrotestosterone [QUAL2],PBlank1_P1.mzML,2026-02-12T18:22:35Z,1,PBLK,291.100,91.100,58.0,+,6.134,3421.4,1094.0,0.399,6.048,6.455
Dihydrotestosterone [QUAL2],Dihydrotestosterone [QUAL2],Cal 0_P1.mzML,2026-02-12T18:37:45Z,1,CAL,291.100,91.100,58.0,+,6.216,5964.0,1431.2,0.422,6.075,6.497
Dihydrotestosterone [QUAL2],Dihydrotestosterone [QUAL2],Cal A_P1.mzML,2026-02-12T18:51:16Z,1,CAL,291.100,91.100,58.0,+,6.181,5027.3,1340.7,0.481,6.016,6.497
Dihydrotestosterone [QUAL2],Dihydrotestosterone [QUAL2],Cal B_P1.mzML,2026-02-12T19:04:37Z,1,CAL,291.100,91.100,58.0,+,6.181,6574.0,1542.4,0.340,6.052,6.392
Dihydrotestosterone [QUAL2],Dihydrotestosterone [QUAL2],Cal C_P1.mzML,2026-02-12T19:17:58Z,1,CAL,291.100,91.100,58.0,+,6.204,9576.8,1710.6,0.270,6.040,6.403
Dihydrotestosterone [QUAL2],Dihydrotestosterone [QUAL2],Cal D_P1.mzML,2026-02-12T19:31:19Z,1,CAL,291.100,91.100,58.0,+,6.157,11860.3,1856.5,0.272,6.028,6.380
Dihydrotestosterone [QUAL2],Dihydrotestosterone [QUAL2],Cal E_P1.mzML,2026-02-12T19:44:43Z,1,CAL,291.100,91.100,58.0,+,6.192,16938.8,2839.3,0.182,6.028,6.368
Dihydrotestosterone [QUAL2],Dihydrotestosterone [QUAL2],Cal F_P1.mzML,2026-02-12T19:58:04Z,1,CAL,291.100,91.100,58.0,+,6.204,20949.7,3190.8,0.159,6.052,6.485
Dihydrotestosterone [QUAL2],Dihydrotestosterone [QUAL2],Blank2_P1.mzML,2026-02-12T20:11:24Z,1,BLK,291.100,91.100,58.0,+,6.110,3606.3,715.9,0.410,6.068,6.475
Dihydrotestosterone [QUAL2],Dihydrotestosterone [QUAL2],QC_Low1_P1.mzML,2026-02-12T20:23:34Z,1,QC,291.100,91.100,58.0,+,6.216,6956.1,1448.2,0.504,5.970,6.474
Dihydrotestosterone [QUAL2],Dihydrotestosterone [QUAL2],QC_High1_P1.mzML,2026-02-12T20:36:55Z,1,QC,291.100,91.100,58.0,+,6.181,20201.8,3216.3,0.160,6.028,6.474
Dihydrotestosterone [QUAL2],Dihydrotestosterone [QUAL2],Blank3_P1.mzML,2026-02-12T20:50:16Z,1,BLK,291.100,91.100,58.0,+,6.005,4038.1,753.1,0.410,6.008,6.415
Dihydrotestosterone [QUAL2],Dihydrotestosterone [QUAL2],SKML2025_6B_P1.mzML,2026-02-12T21:15:47Z,1,SPL,291.100,91.100,58.0,+,6.169,5867.0,1770.2,0.399,6.075,6.474
Dihydrotestosterone [QUAL2],Dihydrotestosterone [QUAL2],SKML2026_1A_P1.mzML,2026-02-12T21:29:07Z,1,SPL,291.100,91.100,58.0,+,6.181,6727.6,1639.7,0.457,6.040,6.497
Dihydrotestosterone [QUAL2],Dihydrotestosterone [QUAL2],SKML2026_1Bb_P1.mzML,2026-02-12T21:55:52Z,1,SPL,291.100,91.100,58.0,+,6.181,10024.1,1558.1,0.469,6.005,6.474
Dihydrotestosterone [QUAL2],Dihydrotestosterone [QUAL2],SKML2026_2A_P1.mzML,2026-02-12T22:09:13Z,1,SPL,291.100,91.100,58.0,+,6.145,9726.0,1601.6,0.492,6.005,6.497
Dihydrotestosterone [QUAL2],Dihydrotestosterone [QUAL2],SKML2026_2Ab_P1.mzML,2026-02-12T22:22:34Z,1,SPL,291.100,91.100,58.0,+,6.192,3932.9,1636.5,0.199,6.099,6.298
Dihydrotestosterone [QUAL2],Dihydrotestosterone [QUAL2],SKML2026_2B_P1.mzML,2026-02-12T22:35:55Z,1,SPL,291.100,91.100,58.0,+,6.134,5991.6,1583.6,0.305,5.970,6.274
Dihydrotestosterone [QUAL2],Dihydrotestosterone [QUAL2],SKML2026_2Bb_P1.mzML,2026-02-12T22:49:15Z,1,SPL,291.100,91.100,58.0,+,6.192,6166.9,1756.1,0.235,6.063,6.298
Progesterone,Progesterone,Blank1_P1.mzML,2026-02-12T18:10:25Z,1,BLK,315.300,97.100,32.0,+,7.282,1261.5,166.5,0.586,6.948,7.545
Progesterone,Progesterone,PBlank1_P1.mzML,2026-02-12T18:22:35Z,1,PBLK,315.300,97.100,32.0,+,7.176,1385.7,210.8,0.598,6.888,7.485
Progesterone,Progesterone,Cal 0_P1.mzML,2026-02-12T18:37:45Z,1,CAL,315.300,97.100,32.0,+,7.176,11889.4,1199.9,0.183,6.965,7.516
Progesterone,Progesterone,Cal A_P1.mzML,2026-02-12T18:51:16Z,1,CAL,315.300,97.100,32.0,+,7.165,76298.4,8798.8,0.130,6.918,7.516
Progesterone,Progesterone,Cal B_P1.mzML,2026-02-12T19:04:37Z,1,CAL,315.300,97.100,32.0,+,7.153,159028.7,14543.4,0.174,6.918,7.516
Progesterone,Progesterone,Cal C_P1.mzML,2026-02-12T19:17:58Z,1,CAL,315.300,97.100,32.0,+,7.165,445519.0,45619.4,0.147,6.907,7.505
Progesterone,Progesterone,Cal D_P1.mzML,2026-02-12T19:31:19Z,1,CAL,315.300,97.100,32.0,+,7.153,1233049.6,130721.2,0.147,6.907,7.505
Progesterone,Progesterone,Cal E_P1.mzML,2026-02-12T19:44:43Z,1,CAL,315.300,97.100,32.0,+,7.176,3025565.2,347371.0,0.125,6.930,7.528
Progesterone,Progesterone,Cal F_P1.mzML,2026-02-12T19:58:04Z,1,CAL,315.300,97.100,32.0,+,7.165,7609381.0,790965.2,0.146,6.918,7.516
Progesterone,Progesterone,Blank2_P1.mzML,2026-02-12T20:11:24Z,1,BLK,315.300,97.100,32.0,+,7.094,2425.6,257.2,0.552,6.888,7.485
Progesterone,Progesterone,QC_Low1_P1.mzML,2026-02-12T20:23:34Z,1,QC,315.300,97.100,32.0,+,7.165,277816.4,27887.7,0.151,6.918,7.516
Progesterone,Progesterone,QC_High1_P1.mzML,2026-02-12T20:36:55Z,1,QC,315.300,97.100,32.0,+,7.176,5966671.0,626756.5,0.145,6.930,7.528
Progesterone,Progesterone,Blank3_P1.mzML,2026-02-12T20:50:16Z,1,BLK,315.300,97.100,32.0,+,7.270,1400.2,225.8,0.598,6.888,7.485
Progesterone,Progesterone,SKML2025_6B_P1.mzML,2026-02-12T21:15:47Z,1,SPL,315.300,97.100,32.0,+,7.165,1121369.0,136034.5,0.123,6.907,7.505
Progesterone,Progesterone,SKML2026_1A_P1.mzML,2026-02-12T21:29:07Z,1,SPL,315.300,97.100,32.0,+,7.176,188363.2,21631.7,0.134,6.954,7.528
Progesterone,Progesterone,SKML2026_1Bb_P1.mzML,2026-02-12T21:55:52Z,1,SPL,315.300,97.100,32.0,+,7.176,1954350.6,234366.2,0.125,6.930,7.528
Progesterone,Progesterone,SKML2026_2A_P1.mzML,2026-02-12T22:09:13Z,1,SPL,315.300,97.100,32.0,+,7.165,24011.0,3259.0,0.116,6.977,7.481
Progesterone,Progesterone,SKML2026_2Ab_P1.mzML,2026-02-12T22:22:34Z,1,SPL,315.300,97.100,32.0,+,7.165,24909.8,3021.8,0.139,6.965,7.505
Progesterone,Progesterone,SKML2026_2B_P1.mzML,2026-02-12T22:35:55Z,1,SPL,315.300,97.100,32.0,+,7.153,5886407.5,717318.6,0.119,6.883,7.481
Progesterone,Progesterone,SKML2026_2Bb_P1.mzML,2026-02-12T22:49:15Z,1,SPL,315.300,97.100,32.0,+,7.153,5762290.5,654931.9,0.133,6.907,7.505
Progesterone D9,Progesterone D9,Blank1_P1.mzML,2026-02-12T18:10:25Z,1,BLK,324.400,100.100,32.0,+,7.129,454.9,87.5,0.586,6.819,7.416
Progesterone D9,Progesterone D9,PBlank1_P1.mzML,2026-02-12T18:22:35Z,1,PBLK,324.400,100.100,32.0,+,7.047,247053.1,26228.2,0.146,6.814,7.411
Progesterone D9,Progesterone D9,Cal 0_P1.mzML,2026-02-12T18:37:45Z,1,CAL,324.400,100.100,32.0,+,7.082,230450.5,24479.7,0.140,6.824,7.422
Progesterone D9,Progesterone D9,Cal A_P1.mzML,2026-02-12T18:51:16Z,1,CAL,324.400,100.100,32.0,+,7.059,203717.1,21687.1,0.142,6.824,7.422
Progesterone D9,Progesterone D9,Cal B_P1.mzML,2026-02-12T19:04:37Z,1,CAL,324.400,100.100,32.0,+,7.047,202960.8,20803.8,0.148,6.813,7.411
Progesterone D9,Progesterone D9,Cal C_P1.mzML,2026-02-12T19:17:58Z,1,CAL,324.400,100.100,32.0,+,7.047,212438.5,21777.9,0.149,6.813,7.411
Progesterone D9,Progesterone D9,Cal D_P1.mzML,2026-02-12T19:31:19Z,1,CAL,324.400,100.100,32.0,+,7.047,213739.7,20952.8,0.158,6.813,7.411
Progesterone D9,Progesterone D9,Cal E_P1.mzML,2026-02-12T19:44:43Z,1,CAL,324.400,100.100,32.0,+,7.071,211897.6,22203.9,0.141,6.824,7.422
Progesterone D9,Progesterone D9,Cal F_P1.mzML,2026-02-12T19:58:04Z,1,CAL,324.400,100.100,32.0,+,7.071,209424.0,22380.0,0.142,6.824,7.422
Progesterone D9,Progesterone D9,Blank2_P1.mzML,2026-02-12T20:11:24Z,1,BLK,324.400,100.100,32.0,+,6.930,787.1,100.5,0.598,6.794,7.391
Progesterone D9,Progesterone D9,QC_Low1_P1.mzML,2026-02-12T20:23:34Z,1,QC,324.400,100.100,32.0,+,7.071,212921.2,20430.9,0.161,6.824,7.422
Progesterone D9,Progesterone D9,QC_High1_P1.mzML,2026-02-12T20:36:55Z,1,QC,324.400,100.100,32.0,+,7.071,211983.7,21716.5,0.144,6.824,7.422
Progesterone D9,Progesterone D9,Blank3_P1.mzML,2026-02-12T20:50:16Z,1,BLK,324.400,100.100,32.0,+,7.282,964.2,136.8,0.397,6.854,7.451
Progesterone D9,Progesterone D9,SKML2025_6B_P1.mzML,2026-02-12T21:15:47Z,1,SPL,324.400,100.100,32.0,+,7.047,187571.2,21156.5,0.127,6.813,7.411
Progesterone D9,Progesterone D9,SKML2026_1A_P1.mzML,2026-02-12T21:29:07Z,1,SPL,324.400,100.100,32.0,+,7.059,176462.7,20752.6,0.126,6.824,7.422
Progesterone D9,Progesterone D9,SKML2026_1Bb_P1.mzML,2026-02-12T21:55:52Z,1,SPL,324.400,100.100,32.0,+,7.071,177330.2,18675.8,0.143,6.824,7.422
Progesterone D9,Progesterone D9,SKML2026_2A_P1.mzML,2026-02-12T22:09:13Z,1,SPL,324.400,100.100,32.0,+,7.082,210018.7,22061.2,0.148,6.813,7.411
Progesterone D9,Progesterone D9,SKML2026_2Ab_P1.mzML,2026-02-12T22:22:34Z,1,SPL,324.400,100.100,32.0,+,7.047,185159.2,21212.0,0.126,6.801,7.399
Progesterone D9,Progesterone D9,SKML2026_2B_P1.mzML,2026-02-12T22:35:55Z,1,SPL,324.400,100.100,32.0,+,7.047,176164.5,19329.1,0.136,6.789,7.387
Progesterone D9,Progesterone D9,SKML2026_2Bb_P1.mzML,2026-02-12T22:49:15Z,1,SPL,324.400,100.100,32.0,+,7.059,189613.2,21239.7,0.131,6.801,7.399
Progesterone D9 [QUAL],Progesterone D9 [QUAL],Blank1_P1.mzML,2026-02-12T18:10:25Z,1,BLK,324.400,113.100,28.0,+,7.293,931.1,107.9,0.216,6.831,7.427
Progesterone D9 [QUAL],Progesterone D9 [QUAL],PBlank1_P1.mzML,2026-02-12T18:22:35Z,1,PBLK,324.400,113.100,28.0,+,7.035,186786.0,20427.8,0.142,6.816,7.412
Progesterone D9 [QUAL],Progesterone D9 [QUAL],Cal 0_P1.mzML,2026-02-12T18:37:45Z,1,CAL,324.400,113.100,28.0,+,7.059,183058.9,20377.3,0.131,6.836,7.422
Progesterone D9 [QUAL],Progesterone D9 [QUAL],Cal A_P1.mzML,2026-02-12T18:51:16Z,1,CAL,324.400,113.100,28.0,+,7.047,152673.4,15325.1,0.155,6.836,7.434
Progesterone D9 [QUAL],Progesterone D9 [QUAL],Cal B_P1.mzML,2026-02-12T19:04:37Z,1,CAL,324.400,113.100,28.0,+,7.059,160750.7,16225.0,0.152,6.824,7.422
Progesterone D9 [QUAL],Progesterone D9 [QUAL],Cal C_P1.mzML,2026-02-12T19:17:58Z,1,CAL,324.400,113.100,28.0,+,7.047,165449.6,17010.4,0.147,6.824,7.387
Progesterone D9 [QUAL],Progesterone D9 [QUAL],Cal D_P1.mzML,2026-02-12T19:31:19Z,1,CAL,324.400,113.100,28.0,+,7.047,175123.5,20135.2,0.127,6.824,7.422
Progesterone D9 [QUAL],Progesterone D9 [QUAL],Cal E_P1.mzML,2026-02-12T19:44:43Z,1,CAL,324.400,113.100,28.0,+,7.071,152148.1,16108.8,0.142,6.848,7.446
Progesterone D9 [QUAL],Progesterone D9 [QUAL],Cal F_P1.mzML,2026-02-12T19:58:04Z,1,CAL,324.400,113.100,28.0,+,7.071,161255.8,16605.8,0.149,6.836,7.434
Progesterone D9 [QUAL],Progesterone D9 [QUAL],Blank2_P1.mzML,2026-02-12T20:11:24Z,1,BLK,324.400,113.100,28.0,+,6.906,776.7,110.6,0.598,6.806,7.402
Progesterone D9 [QUAL],Progesterone D9 [QUAL],QC_Low1_P1.mzML,2026-02-12T20:23:34Z,1,QC,324.400,113.100,28.0,+,7.059,162072.3,17344.4,0.141,6.836,7.434
Progesterone D9 [QUAL],Progesterone D9 [QUAL],QC_High1_P1.mzML,2026-02-12T20:36:55Z,1,QC,324.400,113.100,28.0,+,7.059,168854.8,17724.4,0.146,6.836,7.434
Progesterone D9 [QUAL],Progesterone D9 [QUAL],Blank3_P1.mzML,2026-02-12T20:50:16Z,1,BLK,324.400,113.100,28.0,+,7.082,459.6,96.2,0.598,6.846,7.442
Progesterone D9 [QUAL],Progesterone D9 [QUAL],SKML2025_6B_P1.mzML,2026-02-12T21:15:47Z,1,SPL,324.400,113.100,28.0,+,7.047,136043.0,15761.6,0.127,6.824,7.422
Progesterone D9 [QUAL],Progesterone D9 [QUAL],SKML2026_1A_P1.mzML,2026-02-12T21:29:07Z,1,SPL,324.400,113.100,28.0,+,7.071,139591.8,16024.4,0.132,6.836,7.434
Progesterone D9 [QUAL],Progesterone D9 [QUAL],SKML2026_1Bb_P1.mzML,2026-02-12T21:55:52Z,1,SPL,324.400,113.100,28.0,+,7.071,152376.2,18357.9,0.126,6.836,7.434
Progesterone D9 [QUAL],Progesterone D9 [QUAL],SKML2026_2A_P1.mzML,2026-02-12T22:09:13Z,1,SPL,324.400,113.100,28.0,+,7.059,151750.0,16937.5,0.133,6.824,7.422
Progesterone D9 [QUAL],Progesterone D9 [QUAL],SKML2026_2Ab_P1.mzML,2026-02-12T22:22:34Z,1,SPL,324.400,113.100,28.0,+,7.047,144834.2,15935.7,0.138,6.824,7.422
Progesterone D9 [QUAL],Progesterone D9 [QUAL],SKML2026_2B_P1.mzML,2026-02-12T22:35:55Z,1,SPL,324.400,113.100,28.0,+,7.035,127821.1,13364.6,0.147,6.801,7.399
Progesterone D9 [QUAL],Progesterone D9 [QUAL],SKML2026_2Bb_P1.mzML,2026-02-12T22:49:15Z,1,SPL,324.400,113.100,28.0,+,7.059,145165.5,17023.7,0.124,6.824,7.422
Progesterone [QUAL],Progesterone [QUAL],Blank1_P1.mzML,2026-02-12T18:10:25Z,1,BLK,315.300,109.100,28.0,+,7.188,1525.6,218.0,0.586,6.938,7.523
Progesterone [QUAL],Progesterone [QUAL],PBlank1_P1.mzML,2026-02-12T18:22:35Z,1,PBLK,315.300,109.100,28.0,+,7.153,3066.6,355.2,0.539,6.888,7.473
Progesterone [QUAL],Progesterone [QUAL],Cal 0_P1.mzML,2026-02-12T18:37:45Z,1,CAL,315.300,109.100,28.0,+,7.176,10154.6,1305.3,0.144,6.930,7.411
Progesterone [QUAL],Progesterone [QUAL],Cal A_P1.mzML,2026-02-12T18:51:16Z,1,CAL,315.300,109.100,28.0,+,7.176,74988.2,8198.3,0.136,6.918,7.505
Progesterone [QUAL],Progesterone [QUAL],Cal B_P1.mzML,2026-02-12T19:04:37Z,1,CAL,315.300,109.100,28.0,+,7.165,172647.9,18151.2,0.149,6.918,7.481
Progesterone [QUAL],Progesterone [QUAL],Cal C_P1.mzML,2026-02-12T19:17:58Z,1,CAL,315.300,109.100,28.0,+,7.165,467386.0,50694.9,0.140,6.907,7.493
Progesterone [QUAL],Progesterone [QUAL],Cal D_P1.mzML,2026-02-12T19:31:19Z,1,CAL,315.300,109.100,28.0,+,7.165,1264060.5,138905.2,0.135,6.907,7.493
Progesterone [QUAL],Progesterone [QUAL],Cal E_P1.mzML,2026-02-12T19:44:43Z,1,CAL,315.300,109.100,28.0,+,7.176,3162199.0,328243.2,0.145,6.930,7.516
Progesterone [QUAL],Progesterone [QUAL],Cal F_P1.mzML,2026-02-12T19:58:04Z,1,CAL,315.300,109.100,28.0,+,7.165,8325150.0,926637.4,0.134,6.918,7.505
Progesterone [QUAL],Progesterone [QUAL],Blank2_P1.mzML,2026-02-12T20:11:24Z,1,BLK,315.300,109.100,28.0,+,7.376,1902.3,246.3,0.586,6.888,7.473
Progesterone [QUAL],Progesterone [QUAL],QC_Low1_P1.mzML,2026-02-12T20:23:34Z,1,QC,315.300,109.100,28.0,+,7.153,297696.1,31060.7,0.149,6.930,7.493
Progesterone [QUAL],Progesterone [QUAL],QC_High1_P1.mzML,2026-02-12T20:36:55Z,1,QC,315.300,109.100,28.0,+,7.176,5731646.0,587253.4,0.148,6.918,7.505
Progesterone [QUAL],Progesterone [QUAL],Blank3_P1.mzML,2026-02-12T20:50:16Z,1,BLK,315.300,109.100,28.0,+,7.376,2028.2,280.2,0.586,6.888,7.473
Progesterone [QUAL],Progesterone [QUAL],SKML2025_6B_P1.mzML,2026-02-12T21:15:47Z,1,SPL,315.300,109.100,28.0,+,7.176,1175757.8,146175.2,0.120,6.918,7.505
Progesterone [QUAL],Progesterone [QUAL],SKML2026_1A_P1.mzML,2026-02-12T21:29:07Z,1,SPL,315.300,109.100,28.0,+,7.176,176789.0,21709.7,0.129,6.918,7.423
Progesterone [QUAL],Progesterone [QUAL],SKML2026_1Bb_P1.mzML,2026-02-12T21:55:52Z,1,SPL,315.300,109.100,28.0,+,7.176,1944907.8,235662.2,0.121,6.930,7.516
Progesterone [QUAL],Progesterone [QUAL],SKML2026_2A_P1.mzML,2026-02-12T22:09:13Z,1,SPL,315.300,109.100,28.0,+,7.165,28399.9,3550.5,0.140,6.965,7.434
Progesterone [QUAL],Progesterone [QUAL],SKML2026_2Ab_P1.mzML,2026-02-12T22:22:34Z,1,SPL,315.300,109.100,28.0,+,7.165,25494.6,3241.6,0.130,6.977,7.458
Progesterone [QUAL],Progesterone [QUAL],SKML2026_2B_P1.mzML,2026-02-12T22:35:55Z,1,SPL,315.300,109.100,28.0,+,7.153,5474264.0,624804.9,0.132,6.883,7.481
Progesterone [QUAL],Progesterone [QUAL],SKML2026_2Bb_P1.mzML,2026-02-12T22:49:15Z,1,SPL,315.300,109.100,28.0,+,7.165,5915662.0,714198.5,0.117,6.907,7.493
Testosterone,Testosterone,Blank1_P1.mzML,2026-02-12T18:10:25Z,1,BLK,289.200,97.100,27.0,+,4.599,823.7,208.3,0.399,4.604,5.002
Testosterone,Testosterone,PBlank1_P1.mzML,2026-02-12T18:22:35Z,1,PBLK,289.200,97.100,27.0,+,4.950,993.8,204.3,0.399,4.604,5.002
Testosterone,Testosterone,Cal 0_P1.mzML,2026-02-12T18:37:45Z,1,CAL,289.200,97.100,27.0,+,4.856,7997.7,1106.4,0.130,4.634,5.032
Testosterone,Testosterone,Cal A_P1.mzML,2026-02-12T18:51:16Z,1,CAL,289.200,97.100,27.0,+,4.868,43555.2,6046.2,0.115,4.657,5.032
Testosterone,Testosterone,Cal B_P1.mzML,2026-02-12T19:04:37Z,1,CAL,289.200,97.100,27.0,+,4.856,146228.7,21737.6,0.104,4.634,5.032
Testosterone,Testosterone,Cal C_P1.mzML,2026-02-12T19:17:58Z,1,CAL,289.200,97.100,27.0,+,4.856,391973.0,55017.3,0.108,4.622,5.032
Testosterone,Testosterone,Cal D_P1.mzML,2026-02-12T19:31:19Z,1,CAL,289.200,97.100,27.0,+,4.856,1281544.2,173399.6,0.112,4.622,5.032
Testosterone,Testosterone,Cal E_P1.mzML,2026-02-12T19:44:43Z,1,CAL,289.200,97.100,27.0,+,4.868,4060647.2,537263.6,0.118,4.634,5.032
Testosterone,Testosterone,Cal F_P1.mzML,2026-02-12T19:58:04Z,1,CAL,289.200,97.100,27.0,+,4.868,12212962.0,1689795.0,0.107,4.622,5.032
Testosterone,Testosterone,Blank2_P1.mzML,2026-02-12T20:11:24Z,1,BLK,289.200,97.100,27.0,+,4.610,838.8,285.8,0.399,4.604,5.002
Testosterone,Testosterone,QC_Low1_P1.mzML,2026-02-12T20:23:34Z,1,QC,289.200,97.100,27.0,+,4.856,250303.6,32870.4,0.119,4.610,5.032
Testosterone,Testosterone,QC_High1_P1.mzML,2026-02-12T20:36:55Z,1,QC,289.200,97.100,27.0,+,4.868,8301514.5,1158476.5,0.107,4.634,5.032
Testosterone,Testosterone,Blank3_P1.mzML,2026-02-12T20:50:16Z,1,BLK,289.200,97.100,27.0,+,4.997,1168.7,293.2,0.399,4.614,5.012
Testosterone,Testosterone,SKML2025_6B_P1.mzML,2026-02-12T21:15:47Z,1,SPL,289.200,97.100,27.0,+,4.845,187497.1,31854.6,0.092,4.622,4.985
Testosterone,Testosterone,SKML2026_1A_P1.mzML,2026-02-12T21:29:07Z,1,SPL,289.200,97.100,27.0,+,4.833,517020.9,87301.1,0.092,4.645,4.974
Testosterone,Testosterone,SKML2026_1Bb_P1.mzML,2026-02-12T21:55:52Z,1,SPL,289.200,97.100,27.0,+,4.845,1228087.8,219120.8,0.087,4.599,4.974
Testosterone,Testosterone,SKML2026_2A_P1.mzML,2026-02-12T22:09:13Z,1,SPL,289.200,97.100,27.0,+,4.845,1813591.2,307252.6,0.090,4.599,4.985
Testosterone,Testosterone,SKML2026_2Ab_P1.mzML,2026-02-12T22:22:34Z,1,SPL,289.200,97.100,27.0,+,4.845,2123058.0,375849.7,0.087,4.599,4.985
Testosterone,Testosterone,SKML2026_2B_P1.mzML,2026-02-12T22:35:55Z,1,SPL,289.200,97.100,27.0,+,4.845,4172298.2,681435.6,0.096,4.599,4.985
Testosterone,Testosterone,SKML2026_2Bb_P1.mzML,2026-02-12T22:49:15Z,1,SPL,289.200,97.100,27.0,+,4.845,4482075.0,758573.0,0.091,4.599,4.985
Testosterone 13C,Testosterone 13C,Blank1_P1.mzML,2026-02-12T18:10:25Z,1,BLK,292.200,100.100,27.0,+,4.914,290.1,109.5,0.387,4.641,5.031
Testosterone 13C,Testosterone 13C,PBlank1_P1.mzML,2026-02-12T18:22:35Z,1,PBLK,292.200,100.100,27.0,+,4.856,233000.4,32443.6,0.116,4.641,5.031
Testosterone 13C,Testosterone 13C,Cal 0_P1.mzML,2026-02-12T18:37:45Z,1,CAL,292.200,100.100,27.0,+,4.856,211321.3,29980.8,0.108,4.644,5.043
Testosterone 13C,Testosterone 13C,Cal A_P1.mzML,2026-02-12T18:51:16Z,1,CAL,292.200,100.100,27.0,+,4.856,225209.6,31592.5,0.108,4.656,5.031
Testosterone 13C,Testosterone 13C,Cal B_P1.mzML,2026-02-12T19:04:37Z,1,CAL,292.200,100.100,27.0,+,4.856,196022.5,26533.0,0.114,4.621,5.031
Testosterone 13C,Testosterone 13C,Cal C_P1.mzML,2026-02-12T19:17:58Z,1,CAL,292.200,100.100,27.0,+,4.856,198905.5,27086.1,0.118,4.656,5.031
Testosterone 13C,Testosterone 13C,Cal D_P1.mzML,2026-02-12T19:31:19Z,1,CAL,292.200,100.100,27.0,+,4.856,222958.7,28592.8,0.122,4.621,5.031
Testosterone 13C,Testosterone 13C,Cal E_P1.mzML,2026-02-12T19:44:43Z,1,CAL,292.200,100.100,27.0,+,4.867,227997.9,33286.7,0.102,4.680,5.043
Testosterone 13C,Testosterone 13C,Cal F_P1.mzML,2026-02-12T19:58:04Z,1,CAL,292.200,100.100,27.0,+,4.867,196042.1,25225.9,0.119,4.668,5.043
Testosterone 13C,Testosterone 13C,Blank2_P1.mzML,2026-02-12T20:11:24Z,1,BLK,292.200,100.100,27.0,+,4.727,791.5,157.9,0.387,4.621,5.011
Testosterone 13C,Testosterone 13C,QC_Low1_P1.mzML,2026-02-12T20:23:34Z,1,QC,292.200,100.100,27.0,+,4.856,223710.0,30095.9,0.116,4.621,5.031
Testosterone 13C,Testosterone 13C,QC_High1_P1.mzML,2026-02-12T20:36:55Z,1,QC,292.200,100.100,27.0,+,4.856,194001.3,25283.1,0.117,4.644,5.031
Testosterone 13C,Testosterone 13C,Blank3_P1.mzML,2026-02-12T20:50:16Z,1,BLK,292.200,100.100,27.0,+,4.762,985.9,147.8,0.387,4.621,5.011
Testosterone 13C,Testosterone 13C,SKML2025_6B_P1.mzML,2026-02-12T21:15:47Z,1,SPL,292.200,100.100,27.0,+,4.844,115333.0,19481.2,0.093,4.621,4.984
Testosterone 13C,Testosterone 13C,SKML2026_1A_P1.mzML,2026-02-12T21:29:07Z,1,SPL,292.200,100.100,27.0,+,4.832,71260.4,12638.0,0.088,4.644,4.973
Testosterone 13C,Testosterone 13C,SKML2026_1Bb_P1.mzML,2026-02-12T21:55:52Z,1,SPL,292.200,100.100,27.0,+,4.844,65645.0,11359.9,0.090,4.598,4.973
Testosterone 13C,Testosterone 13C,SKML2026_2A_P1.mzML,2026-02-12T22:09:13Z,1,SPL,292.200,100.100,27.0,+,4.844,104364.7,17685.0,0.092,4.609,4.984
Testosterone 13C,Testosterone 13C,SKML2026_2Ab_P1.mzML,2026-02-12T22:22:34Z,1,SPL,292.200,100.100,27.0,+,4.844,108230.8,18188.8,0.093,4.609,4.984
Testosterone 13C,Testosterone 13C,SKML2026_2B_P1.mzML,2026-02-12T22:35:55Z,1,SPL,292.200,100.100,27.0,+,4.844,90736.8,15274.0,0.095,4.598,4.973
Testosterone 13C,Testosterone 13C,SKML2026_2Bb_P1.mzML,2026-02-12T22:49:15Z,1,SPL,292.200,100.100,27.0,+,4.844,98984.4,16873.5,0.091,4.609,4.984
Testosterone 13C [QUAL],Testosterone 13C [QUAL],Blank1_P1.mzML,2026-02-12T18:10:25Z,1,BLK,292.200,112.100,28.0,+,4.656,338.7,102.2,0.387,4.648,5.036
Testosterone 13C [QUAL],Testosterone 13C [QUAL],PBlank1_P1.mzML,2026-02-12T18:22:35Z,1,PBLK,292.200,112.100,28.0,+,4.856,191682.3,28047.4,0.102,4.643,5.031
Testosterone 13C [QUAL],Testosterone 13C [QUAL],Cal 0_P1.mzML,2026-02-12T18:37:45Z,1,CAL,292.200,112.100,28.0,+,4.856,150290.5,21151.8,0.113,4.621,5.043
Testosterone 13C [QUAL],Testosterone 13C [QUAL],Cal A_P1.mzML,2026-02-12T18:51:16Z,1,CAL,292.200,112.100,28.0,+,4.867,173527.0,24276.7,0.111,4.644,5.043
Testosterone 13C [QUAL],Testosterone 13C [QUAL],Cal B_P1.mzML,2026-02-12T19:04:37Z,1,CAL,292.200,112.100,28.0,+,4.856,173049.0,24213.7,0.109,4.609,5.031
Testosterone 13C [QUAL],Testosterone 13C [QUAL],Cal C_P1.mzML,2026-02-12T19:17:58Z,1,CAL,292.200,112.100,28.0,+,4.856,151573.5,20980.5,0.108,4.668,5.031
Testosterone 13C [QUAL],Testosterone 13C [QUAL],Cal D_P1.mzML,2026-02-12T19:31:19Z,1,CAL,292.200,112.100,28.0,+,4.856,169797.9,23387.2,0.114,4.621,5.031
Testosterone 13C [QUAL],Testosterone 13C [QUAL],Cal E_P1.mzML,2026-02-12T19:44:43Z,1,CAL,292.200,112.100,28.0,+,4.867,145304.7,19467.4,0.114,4.633,5.043
Testosterone 13C [QUAL],Testosterone 13C [QUAL],Cal F_P1.mzML,2026-02-12T19:58:04Z,1,CAL,292.200,112.100,28.0,+,4.867,171134.3,20962.5,0.129,4.621,5.043
Testosterone 13C [QUAL],Testosterone 13C [QUAL],Blank2_P1.mzML,2026-02-12T20:11:24Z,1,BLK,292.200,112.100,28.0,+,4.644,234.7,78.0,0.387,4.643,5.031
Testosterone 13C [QUAL],Testosterone 13C [QUAL],QC_Low1_P1.mzML,2026-02-12T20:23:34Z,1,QC,292.200,112.100,28.0,+,4.856,167685.4,23461.0,0.112,4.621,5.031
Testosterone 13C [QUAL],Testosterone 13C [QUAL],QC_High1_P1.mzML,2026-02-12T20:36:55Z,1,QC,292.200,112.100,28.0,+,4.856,160307.4,21501.0,0.111,4.644,5.043
Testosterone 13C [QUAL],Testosterone 13C [QUAL],Blank3_P1.mzML,2026-02-12T20:50:16Z,1,BLK,292.200,112.100,28.0,+,4.644,480.0,89.9,0.387,4.623,5.011
Testosterone 13C [QUAL],Testosterone 13C [QUAL],SKML2025_6B_P1.mzML,2026-02-12T21:15:47Z,1,SPL,292.200,112.100,28.0,+,4.844,87351.9,14398.4,0.096,4.633,4.984
Testosterone 13C [QUAL],Testosterone 13C [QUAL],SKML2026_1A_P1.mzML,2026-02-12T21:29:07Z,1,SPL,292.200,112.100,28.0,+,4.832,48467.7,8576.2,0.089,4.680,4.973
Testosterone 13C [QUAL],Testosterone 13C [QUAL],SKML2026_1Bb_P1.mzML,2026-02-12T21:55:52Z,1,SPL,292.200,112.100,28.0,+,4.844,46489.2,7958.8,0.092,4.633,4.973
Testosterone 13C [QUAL],Testosterone 13C [QUAL],SKML2026_2A_P1.mzML,2026-02-12T22:09:13Z,1,SPL,292.200,112.100,28.0,+,4.856,76342.9,12475.1,0.096,4.656,4.973
Testosterone 13C [QUAL],Testosterone 13C [QUAL],SKML2026_2Ab_P1.mzML,2026-02-12T22:22:34Z,1,SPL,292.200,112.100,28.0,+,4.844,67127.5,11096.0,0.093,4.609,4.984
Testosterone 13C [QUAL],Testosterone 13C [QUAL],SKML2026_2B_P1.mzML,2026-02-12T22:35:55Z,1,SPL,292.200,112.100,28.0,+,4.844,76390.4,12458.1,0.097,4.633,5.020
Testosterone 13C [QUAL],Testosterone 13C [QUAL],SKML2026_2Bb_P1.mzML,2026-02-12T22:49:15Z,1,SPL,292.200,112.100,28.0,+,4.844,69153.5,11604.6,0.091,4.644,4.996
Testosterone [QUAL],Testosterone [QUAL],Blank1_P1.mzML,2026-02-12T18:10:25Z,1,BLK,289.200,109.100,28.0,+,4.892,1066.0,310.1,0.410,4.592,5.002
Testosterone [QUAL],Testosterone [QUAL],PBlank1_P1.mzML,2026-02-12T18:22:35Z,1,PBLK,289.200,109.100,28.0,+,4.716,589.4,217.1,0.410,4.592,5.002
Testosterone [QUAL],Testosterone [QUAL],Cal 0_P1.mzML,2026-02-12T18:37:45Z,1,CAL,289.200,109.100,28.0,+,4.868,5836.2,934.3,0.160,4.727,5.021
Testosterone [QUAL],Testosterone [QUAL],Cal A_P1.mzML,2026-02-12T18:51:16Z,1,CAL,289.200,109.100,28.0,+,4.868,39203.3,6075.8,0.102,4.622,5.021
Testosterone [QUAL],Testosterone [QUAL],Cal B_P1.mzML,2026-02-12T19:04:37Z,1,CAL,289.200,109.100,28.0,+,4.856,125573.2,18902.8,0.105,4.610,5.032
Testosterone [QUAL],Testosterone [QUAL],Cal C_P1.mzML,2026-02-12T19:17:58Z,1,CAL,289.200,109.100,28.0,+,4.845,365826.5,47242.9,0.123,4.622,5.032
Testosterone [QUAL],Testosterone [QUAL],Cal D_P1.mzML,2026-02-12T19:31:19Z,1,CAL,289.200,109.100,28.0,+,4.856,1216579.9,166805.2,0.112,4.645,5.032
Testosterone [QUAL],Testosterone [QUAL],Cal E_P1.mzML,2026-02-12T19:44:43Z,1,CAL,289.200,109.100,28.0,+,4.868,3626173.0,500666.0,0.108,4.622,5.032
Testosterone [QUAL],Testosterone [QUAL],Cal F_P1.mzML,2026-02-12T19:58:04Z,1,CAL,289.200,109.100,28.0,+,4.868,11233301.0,1529020.1,0.116,4.622,5.032
Testosterone [QUAL],Testosterone [QUAL],Blank2_P1.mzML,2026-02-12T20:11:24Z,1,BLK,289.200,109.100,28.0,+,4.751,1289.8,263.7,0.410,4.592,5.002
Testosterone [QUAL],Testosterone [QUAL],QC_Low1_P1.mzML,2026-02-12T20:23:34Z,1,QC,289.200,109.100,28.0,+,4.856,227775.3,32608.2,0.108,4.610,5.032
Testosterone [QUAL],Testosterone [QUAL],QC_High1_P1.mzML,2026-02-12T20:36:55Z,1,QC,289.200,109.100,28.0,+,4.856,7909379.0,1095385.8,0.111,4.634,5.032
Testosterone [QUAL],Testosterone [QUAL],Blank3_P1.mzML,2026-02-12T20:50:16Z,1,BLK,289.200,109.100,28.0,+,4.985,709.9,278.6,0.410,4.592,5.002
Testosterone [QUAL],Testosterone [QUAL],SKML2025_6B_P1.mzML,2026-02-12T21:15:47Z,1,SPL,289.200,109.100,28.0,+,4.845,147321.1,24340.4,0.094,4.587,5.009
Testosterone [QUAL],Testosterone [QUAL],SKML2026_1A_P1.mzML,2026-02-12T21:29:07Z,1,SPL,289.200,109.100,28.0,+,4.833,484722.3,86052.1,0.091,4.587,4.962
Testosterone [QUAL],Testosterone [QUAL],SKML2026_1Bb_P1.mzML,2026-02-12T21:55:52Z,1,SPL,289.200,109.100,28.0,+,4.845,972329.2,172733.0,0.087,4.587,4.974
Testosterone [QUAL],Testosterone [QUAL],SKML2026_2A_P1.mzML,2026-02-12T22:09:13Z,1,SPL,289.200,109.100,28.0,+,4.845,1535266.9,249733.0,0.095,4.634,4.985
Testosterone [QUAL],Testosterone [QUAL],SKML2026_2Ab_P1.mzML,2026-02-12T22:22:34Z,1,SPL,289.200,109.100,28.0,+,4.845,1543304.1,254303.9,0.094,4.599,4.974
Testosterone [QUAL],Testosterone [QUAL],SKML2026_2B_P1.mzML,2026-02-12T22:35:55Z,1,SPL,289.200,109.100,28.0,+,4.845,4038326.2,673616.4,0.090,4.599,5.021
Testosterone [QUAL],Testosterone [QUAL],SKML2026_2Bb_P1.mzML,2026-02-12T22:49:15Z,1,SPL,289.200,109.100,28.0,+,4.845,3663917.8,597411.3,0.095,4.610,4.985
